,index,retweets
0,FeesBitcoin,0
1,Ashik1433,127
2,bitcoinagile,0
3,Jeffrey_OMEGA,8207
4,GNSSFeed,1
5,MyB1iysAms9dpAe,75
6,itsawrightoff,75
7,strictly_crypto,12
8,Bayardflorian,0
9,yregoJax,381
10,CoinsNews24h,0
11,NADZcom,12
12,shopseasonal,0
13,ami_tvdfan,310
14,a3456gf,7
15,alexblatt13,0
16,HunterPXR,0
17,krungthepkaki,511
18,coin_chart,0
19,AaronsVCC,511
20,nightowlsun,41
21,EXPandAMP,4
22,silveragorism,0
23,elsoldeAca,0
24,zomerushintoi,0
25,socialstartnews,0
26,BCHisBitcoin,3
27,btcboxer,0
28,cryptosuntsu,0
29,rolflobker,44
30,FREEBITCOIN_USA,5
31,DXB_AUH,0
32,roadie_sam,42
33,mario_berka,3013
34,bitbrokersinc,0
35,uasociolog,56
36,rodtorresgarzon,3014
37,btcbreakingnews,0
38,Alexdmtrvv,12
39,coinsurfer_eu,0
40,CoinSenero,0
41,dkhesin123,3014
42,gibsonsoniae4,0
43,SUBTicker,0
44,goldcryptonite,86
45,HODL_INC,0
46,WeightLossTipps,0
47,CryptoSage,12
48,IboukhoulefLina,0
49,IssamIstanbuli,0
50,CryptoMoney3,0
51,bitcoinBTCco,511
52,lesha_thorin,0
53,reign_kn,245
54,muhammad_enem,412
55,Crypto_News_4U,0
56,GocStore,0
57,IndrainItalia,0
58,ZhussipovMarkha,0
59,jenniferjune33,0
60,cryptcointrader,0
61,realCtStGermain,1
62,arilot_com,0
63,shizukogoon1213,41
64,jpdavids_,0
65,xilinx9959,0
66,spontiroli,0
67,skrinby,0
68,rosio_daw,356
69,sixinbrian,3089
70,cryproel,22
71,EmbeddedD,3
72,John_Verdon1,0
73,ShivamShukla90,0
74,NeoMutualCo,0
75,BtcPulse,0
76,JaboBtos,67
77,NEMTicker,0
78,Galina_abba,0
79,Zylegnayram,1
80,Pipstermoto,182
81,rarroyorubio,1
82,lucx946,12
83,AristotlesChild,3014
84,TheFutureCash,0
85,BitcoinUKs,38
86,davidjeffords,0
87,L0RD_CRYPTO,0
88,vl77lp,0
89,ssn4marketing,0
90,WesHellyar,0
91,bl4ng_,0
92,kelseyycollard,8207
93,Sharper_Love,42
94,coinlerinkrali,0
95,willame_soares,0
96,fussballfun,0
97,bitcoinpoet,0
98,NoLuckNeeded,0
99,laraswordss,121
100,kingham111,1
101,freestylefriNG,1013
102,tacotacoyaro,0
103,someguyjack,75
104,ceylnarsln,80
105,tapchains,0
106,albertwoolridge,0
107,k_staszewski,0
108,iPhonismo,0
109,axiomheartpulse,366
110,herbiefish1980,238
111,nisabangsat,149
112,TAnketcisi,0
113,Cyber_Sec_Int,0
114,crypto30,0
115,thelilcrypto,0
116,nimbosa,39
117,STALININST,3
118,cryptoracle1,1
119,x_scotty,246
120,amouni_fnd,343
121,Abulkal83228401,4
122,m1ll1onaireman,0
123,kirkwhit3,0
124,alok87859612,86
125,CmZQIaM0JS9A6aG,0
126,CryptoBlockBits,150
127,CoinManiak,11
128,johnkayhodl,15
129,cloudmendip,367
130,ChrisPuyear,0
131,buffer0overflow,3958
132,huxley,0
133,mobile183,0
134,NowBitcoinPrice,0
135,CoinguideinfoRu,0
136,Kviro8628,3014
137,getitoutnow,0
138,astartupworld,0
139,BitcoinOps,0
140,DamithLakshitha,0
141,spkmind2,7
142,bobfrom_twd,41
143,GoldandHold,7
144,EHfashblogger,367
145,Tintinet,117
146,SachinLulla,1
147,coin_sniper,14
148,EricFoo_11,0
149,ADATicker,0
150,iDummy_Army,0
151,Bitcoin_fn,0
152,Alexamberlewis,246
153,krishnasharmaP,0
154,wharveyc,261
155,rgDavidJr,4
156,socmediaimpact,0
157,ZenTMSupporters,1
158,jed12192000,246
159,blockchainhelpr,0
160,Blawksy,0
161,JJ_Hart,0
162,CryptooCurrency,0
163,eStream_Studios,0
164,BitcoinMarket2,0
165,Crypto2U,0
166,thisisYashaswi,0
167,dannybLFC,100
168,oscarhbp,1
169,SanuStrico,23
170,Success_on1y,32
171,strappymango,0
172,blockcounsel,3014
173,hanistudio,0
174,OmasenO,0
175,boomedianetwork,0
176,buttkoin,0
177,tokentoday,12
178,CryptoNewswire,0
179,chibenvd,135
180,a_chimpchump,0
181,DavidRPrasser,0
182,cpc464_a500,12
183,DigSwag,0
184,chijs,100
185,DWSS1,100
186,mnf_,3013
187,brad_dk,0
188,LeWiredShut,3014
189,socialnewstweet,0
190,SaraFaries,0
191,criptoinverzion,80
192,offshorebroker,0
193,Pichat_B,8207
194,bgcoin,8207
195,ModernApostate,70
196,CryptoFrog_,0
197,physic,0
198,agCalculator,0
199,coins_cat,0
200,mikerelentless,7
201,socmrktng,0
202,TheWebbyAwards,0
203,BTCdominance,0
204,XinhuaItalia,0
205,The_BitHound,0
206,ZenzoLusengo,1
207,tohir229,1
208,TheSohoLoft,0
209,PrhUk,0
210,dinisguarda,214
211,eBargainsToday,0
212,mibitcoines,44
213,redpollapples,367
214,cryptochan,0
215,bittypy,1
216,youngwendyg3,0
217,MillennialCrypt,0
218,Tweet_AB,1
219,ColorSTREAMedia,1
220,Bitboy_Hodl,0
221,hamletsmarkup,190
222,btcreports,0
223,nobountynohoney,386
224,dopeycertificat,522
225,Bizniz203,41
226,compiteorg,34
227,OZCC4,22
228,simon87788,4
229,denykurniw27,87
230,ant4177,11
231,arsi_nagor,190
232,bitcoininsides,0
233,agremm,9
234,CovetDesignMpls,0
235,cryptopricebot,0
236,Gr8Lal,0
237,kherubhai,91
238,KickassCryptos,0
239,MoneyyCrypto,0
240,center_cloud,0
241,olech_mike,410
242,jonijack,3013
243,humpa64,42
244,PunioArtz,19
245,MdFaysal788,0
246,NextTechWhat,0
247,BitcoinBuzzV9,0
248,ZephyrCrypto,75
249,ahnoldd,0
250,DatOneGuyPedro,8207
251,territoriobtc,0
252,Cryptonews_2017,1
253,YarrowBurneisen,1530
254,Oksy_22,3
255,SCarterUSA,0
256,simjafum,75
257,K_man1000,3
258,Cryptoaninmal,1
259,Gamer2012Pro,3
260,DilemmaBeats,0
261,beautybitcoin,159
262,andlibsh,41
263,EconomyWrld,0
264,showmechrist,4
265,quantocusta1btc,0
266,Crypto_forum_,0
267,thechief_ceo,0
268,K_Ivan_K,9
269,cryptodavids,22
270,VirtualMoneyBot,0
271,Leodalat1,0
272,JeanDoobs,35
273,finance_god,0
274,_ImCHEEKS,367
275,Caesar_Skiba,12
276,ManjeetRege,0
277,Stayi_nformed,0
278,Jonassilva691,37
279,OkponuO,19
280,SoCoinedUp,0
281,crypt0rian,11
282,mockipocky,0
283,lordboots,0
284,BondAdrianBond,86
285,giuzeppae,135
286,GaniSharma,10
287,Jeroen87Jeroen,3014
288,SYOO86,130
289,RSS_King,1
290,jrobertson,3
291,monalitoo,131
292,nabeelmahmood,0
293,Narikin_Susume,0
294,Astarte_31OCT,2
295,SFBusinessTimes,0
296,jdebunt,0
297,DASHTicker,0
298,healthcarecoins,0
299,Remi_Vladuceanu,1
300,CryptoEvo,6
301,hmichellerose,0
302,eyepiececharcoa,204
303,ProCryptNetwork,0
304,Novita_maya_,250
305,cryptodl7,0
306,k__Specialist,1
307,Allison_hada,1
308,sabotagebeats,135
309,ZinnaKrish,77
310,cryptosis_io,0
311,diver_spb,0
312,dealornodeal420,96
313,arbit_en,0
314,amandacon74,0
315,LetsBuyCrypto,0
316,shoas,67
317,SenoTresna,0
318,andersorsander,0
319,seahorncapital,13
320,CryptosConduit,0
321,JolantaPF,8
322,TanBoiko,75
323,CaoDungViet1,12
324,RitaBotsAlbania,3
325,ssn1tweet,0
326,ReimannWerner,75
327,6hakan9,0
328,BTCInsider_org,0
329,srihariinnamuri,0
330,hero93669219,59
331,Dineth_Tharanga,1558
332,SILVEROCKETSHIP,406
333,mojitofinito,12
334,Wujiiih,27
335,silky_boi,5
336,IAMMKHALID7,0
337,YodaJediMastar,0
338,themouse_report,0
339,bitcoinspot,0
340,adriannebianch4,686
341,CryptoHarmonics,0
342,rizny3886,0
343,ICOtimeline,0
344,FreeMusicPs,4
345,B_Aggio,0
346,KushOverLord,135
347,judith_m_privat,0
348,Senthil75084286,2
349,rossi_george,7
350,charlottakx,0
351,Winkdexer,0
352,BitcoinPrijs,0
353,BrandarioBrands,0
354,khaabu8014,31
355,ItssTeeJay,260
356,news2geinouz,0
357,Uberbills,0
358,wordsofGuru,0
359,thomaskinn3,0
360,BitcoinChatLive,0
361,Cryptodoubloon,0
362,ifuckedirma,0
363,goatishestonian,522
364,develop_mobile,3
365,sumchhengse,545
366,360Brand_ing,0
367,kapuishon,3013
368,VikramK35443781,511
369,GroupOpg,87
370,Dave_Parrish,4
371,albertan48,7
372,Jamesglynch23,0
373,rubenbusti,23
374,salinitykaaba,1204
375,interestingift,511
376,Fatih_Oztunc34,100
377,paul_hempshall,3013
378,firsthandy2_net,0
379,amalmerzouk,0
380,AndreisVerde,28
381,cryptcoin_trade,0
382,AHITHfilmfest,0
383,Schneider_GfX,0
384,gloverstephani7,0
385,_tombusby,3013
386,chey_ab,0
387,vivianaismail2,0
388,nemix000,3013
389,DKasztelan,16
390,DAZUNCK,86
391,ubexuru,367
392,brflesh,0
393,WeInvestNCrypto,1
394,stealth_surfer,1
395,indiumpick,826
396,Rost4Rost,0
397,reflectionfree2,2
398,Carlomrtz,12
399,Cryptobot13,664
400,loankarasek2313,14
401,op_return_ack,1
402,vnbentley,0
403,aubrey_braddock,42
404,rbtkhn,12
405,DPOIS,23
406,dfud32,8
407,WatMarelis,34
408,ohiobitcoin,0
409,CryptoTopCharts,0
410,mourneopened,380
411,matsumotokichi,10
412,BubbaOller,128
413,LizCrypto,1
414,MadRussian07,5
415,biz_michael,0
416,ReddCoinPromo,6
417,Guide2Crypto,100
418,CryptoTalkNews,0
419,StartUsMag,0
420,ThinOps,0
421,sahin8305,0
422,viqewair,204
423,partsjeans,826
424,legnorose,522
425,Alexandrial718,246
426,binance_turkiye,0
427,solarnomy,6
428,RandallGoulding,0
429,Djvideoo,246
430,0tterp0p,0
431,SandraHein18,12
432,lightwordman,67
433,TslifeStyle88,282
434,cryptoyupi,2
435,Polls2018_RT,3
436,mariokartix,343
437,mrgoldy1,3014
438,BTCQueens,0
439,thedavidcoen,0
440,CaitlinGamez,0
441,TheCaliManCan,0
442,craigajones,0
443,VoicesVv,0
444,brett_colbert,46
445,SDBiotechBeach,0
446,NitrogenSports,0
447,CoinGirlHere,1
448,carmellahammed2,25
449,fperuzzo,3013
450,mosesakinbobami,0
451,CSI_Newsletter,0
452,yusabuho,96
453,TV_TradingIdeas,0
454,quack1612,1
455,thewarjournal,27
456,Crypto_Bitlord,12
457,tarmedia,0
458,BitcoinInvest24,0
459,MKudrati,0
460,daydreamer_79,0
461,robertmalakhov,3012
462,Dinihikayecom,149
463,therealGavin1,3013
464,flintb22,343
465,coinok,0
466,asens_inc,0
467,addiktoo,108
468,Syafalucu1,12
469,freeagentglobal,2
470,cryptoverapura,0
471,ravenbusch576,52
472,VectorEbike,80
473,La__Cuen,8
474,coinstats,0
475,Newspeye,56
476,CryptoCurrent,0
477,waltsgreene,0
478,rvlanz,86
479,bitcuners,0
480,coindaytrader,0
481,CoinTradingBot,0
482,brandon_pulling,1
483,r0drig0c4ceress,245
484,dating4online,0
485,FreeASeed2016,0
486,IcoVenture,208
487,0x00D,0
488,cryptozentrale,0
489,rayawalker79,0
490,socialprnews,0
491,coin_sight,0
492,StarMannen,0
493,CasaDeCambioBTC,0
494,Campuzoide,0
495,EmmanuelAnique,0
496,gutachter,0
497,HeadedToVegas,3012
498,TValidakis,67
499,SrRicRoq,133
500,LiberBits,3013
501,litecoingray,0
502,bitcoin_miner_,1
503,KodYazici,0
504,SeB4Faure,1
505,Hernanfalla,67
506,GbrilliantQ,0
507,Crypt0_Alerts,1
508,chrisbitcoins,0
509,UnicoreMilitary,0
510,serlenbeck,3
511,lukematthws,88
512,TheBitEasy,0
513,blockpedia_,1
514,COOLGNDP,3
515,Copy_Them,0
516,markonawall,3013
517,maya_howarth,0
518,mahjongbomb,381
519,EstadoNoticias,0
520,_Data_Science,0
521,socialstartnow,0
522,CyberDomain,1
523,FlossedMind,188
524,andreafriedma20,75
525,diegopaco10,0
526,cryptotraveler,12
527,XLooks,73
528,CascadianGold,0
529,JasonSadler7,10
530,thibaud_cor,2
531,Entreprendre,0
532,KaiKeppner,1
533,CryptoNakamoto,0
534,Phishwise,0
535,WeAreReddHeads,6
536,T__M__B__F,1
537,tin_na1,12
538,dividersgob,190
539,Emc2CoinHQ,8
540,cudd100,5
541,paynmaxx411,0
542,CyberSecInt,0
543,JohnLBair1,0
544,cbothra7,238
545,demonooyaboke,190
546,DvoretskayaE,0
547,bruno_bosmans,8
548,abidoank12,261
549,shy_ac,8207
550,toisfigexic1977,381
551,CollinBlatt,0
552,langdonjuliae4,0
553,bullieveinbtc,3013
554,CryptoLearnr,100
555,wegopro,2
556,latinagibreal12,538
557,felipefrog,80
558,thetruthin2017,0
559,vernonkelliott,0
560,arseniyggg,29
561,startups_observ,0
562,KlausLovgreen,6
563,BTCYamakaza,12
564,BUYING_BTC,0
565,petseta1,3013
566,4tVtobCRtIr9maI,393
567,icanhazyoursoul,0
568,benonwine,0
569,Cryptoh0llic,12
570,wichardnoppert,75
571,kevinstejskal,100
572,CryptoTatarCoin,0
573,digitalassetdb,0
574,LittleMuti,9
575,piyuanker12,2
576,krasnovaangela,149
577,NoxiousAlt,934
578,tieucat90,149
579,Fab00se,0
580,69Bacardi69,41
581,oskarpedrero,0
582,Kalimategypt,522
583,MedinaEdgingto,1013
584,andorranwatersk,190
585,IndieMusicPod,4
586,iovehollands,0
587,samoyl01021,1127
588,BotCryptoMarket,0
589,Tai_ayun,149
590,CN_Traders,2
591,BTCDJS,11
592,litecoindad,10
593,carlosedv1,3
594,powellsophiee3,0
595,xopepkied1439,80
596,PhoenixNine85,0
597,BTCtalk_Airdrop,0
598,p_Vega,0
599,XProCryptoCom,0
600,Wtradeveloper,436
601,A_mcmxci_,8
602,recentpoker,1
603,joye_pincura,538
604,bitsonlinecom,0
605,sven_schumann,1
606,Merch_Crypto,0
607,SezkoVitalii,842
608,BitcoinWrld,1
609,CryptoLibre,0
610,BitcoinSpreads,0
611,ESFERARED,19
612,IonisDisrupts,0
613,kubinsatomoso,1
614,socialirnews,0
615,Maksim_sh1,0
616,longmoorfc,0
617,DaoDuyHieu5,0
618,mittynene,0
619,troublefreee,375
620,mohamedlorfi,215
621,dav3walsh,67
622,zaugis,0
623,Deenu2108,32
624,tymorapro,0
625,ImWilsonCarter3,3014
626,GwsToken,1
627,MindOfAquarius_,0
628,jaclyn_________,0
629,quasidb,0
630,therealjohntape,70
631,ezequielmass,75
632,DrRafiqRaji,0
633,Stockpro1221,0
634,Ticky_Rhomas,0
635,kamillabarbosa,80
636,politicalHEDGE,0
637,c4chaos,0
638,beckitucker238,80
639,Best_Presents_,2
640,EOSTicker,0
641,coinographio,0
642,TraderOfFutures,3
643,ndrchvzz,75
644,Slave2GoddesAva,6
645,TutoTechDaniel,0
646,jp_crypto,135
647,ugrtas,50
648,MyBlockExplorer,0
649,laughingmantwit,12
650,Rycon,0
651,atimedesignNews,0
652,enchantingsheld,522
653,BlockchainGovt,23
654,shiba_NY,67
655,liJd316,0
656,nothing1903,0
657,isidraslonecke4,19
658,limehuygens,367
659,Tony_Huston,3013
660,rebeccan707,0
661,1monstermadness,100
662,crypto_ideas,150
663,ICOcheck,9
664,Crypto43012886,31
665,shitdaavesays,0
666,ivobzlu,381
667,equipfavorable,522
668,Godspromise4you,0
669,ppinvest,0
670,LDJCapital,0
671,Ekoyogi292,0
672,ArminVanBitcoin,0
673,SuvoDutta13,1558
674,MrEmmanuel20,0
675,ssn3media,0
676,InfoApuntes,0
677,joffJS,75
678,BitcoinForums,0
679,ancarta2,86
680,ATEKAssetScan,0
681,chitra_rajk,52
682,M_A_N_Corp,4
683,KulMiJeime,3014
684,Tanyawarren,14
685,JHICFO,0
686,ashu25_ashu,0
687,ayali1000,12
688,DeeplyTan,9
689,RyeCryptoBread,128
690,EBeddingSets,0
691,lucieroberson23,64
692,Cristia49885656,3
693,myaaamae,245
694,imbitcoinbot,0
695,VladimirDemin1,0
696,Guybrush80BO,5
697,eztechwin,139
698,MiniClasificado,0
699,coinpricenow,0
700,jaimenm,3013
701,L1_Dpendant,0
702,MennoPP,4
703,CryptolordErik,0
704,ottamuCC,67
705,ITPro,0
706,OpenXccessBank,3
707,phobosalcohol,1127
708,dailycoinprices,0
709,Bitcoins_press,190
710,deknulk,0
711,dontpoketheBull,3305
712,bitcointonic,0
713,kimblewickpract,522
714,dickensgabriel6,0
715,rongnozle,1
716,PLampesberger,75
717,franksatoshijr,511
718,sivriy,67
719,teddemop,2
720,tuiteanddo,245
721,Ultimate_Cycler,0
722,igorbrickil5S,511
723,tanja_mt,0
724,yolismart08,0
725,coindar_,0
726,BtcEth14,100
727,Affiliate_UK_,0
728,athcrypt,0
729,AjuaaNoticiasMx,0
730,MFF_Forum,0
731,rtrtrttrrtrrttr,0
732,HarryDBean,79
733,NotSatoshi_,0
734,Crackupboom1,3013
735,evonneozturk98,322
736,blockchainbot,2
737,BlockchainInfo_,0
738,CoinbioHQ,0
739,ivivekkm,2
740,Bitcoin_time,0
741,melancon_joey,271
742,p_percut,80
743,Alphamonkeybtc,0
744,ArnoldKoek64,100
745,westhousecrypto,30
746,LionTellSecrets,12
747,sbtravel20,0
748,siomatonou1975,380
749,BTCticker,0
750,mohlukman,4
751,apimpmomoneymo,0
752,sharpheatherf3,0
753,royblub,2
754,DARKAQUARIUS777,3080
755,CymruCrypto,0
756,wisu,0
757,ForexAlyam,0
758,anandaporto,80
759,RMexitcoach,1
760,CryptoGirlx,2
761,rockbarcellos,3013
762,polcat81,12
763,TheCoinStack1,0
764,vaniccilondon,0
765,SportsbookBTC,0
766,hadasescort,1
767,narigunochiata,190
768,YouAreThat7,28
769,seltzdiggity,75
770,AlertTrade,0
771,Tritonsigma,6
772,CloutCrypt06,67
773,aMathiis,321
774,CryptoRocketz,75
775,FrenchCrypto,0
776,AdityaRoCk34,1
777,allisongrrl,123
778,Ethos_Kevin,3013
779,ElixiumCrypto,2
780,Bitcoin_London_,0
781,InfoAltcoin,0
782,muzammilabbas2,2
783,KirilovAlexey,149
784,Rakesh51454839,87
785,cm71x,0
786,BTC__Blockchain,12
787,guavaexchange,0
788,moistgootch,8207
789,Bitcoin_UAE,0
790,mikhalev5281,10
791,CalebWright802,16
792,pandoraskids,0
793,cristina_franco,3014
794,Ethereum_Fan,0
795,UtarSystems,12
796,CraigFerriman,0
797,CFrowein,0
798,Hodl8333,0
799,TickerBitcoin,0
800,BCIdentity,8
801,bitcoins_future,0
802,pyskell,3014
803,blakewandae4,0
804,SirRobi1,0
805,bitcoinavg,0
806,kpdesilva,496
807,earncash05,0
808,Cryptoartyst,3014
809,TipsterCripto,0
810,Coin_Virtue,0
811,AsbolivarSa,20
812,cintadhiyaputri,88
813,ajwONLINE,0
814,prateekis1,5
0,vakarusss,0
1,ThomasineWard15,399
2,legnorose,527
3,MyB1iysAms9dpAe,96
4,CapoTNero,96
5,geraldinesidhu4,18
6,PaulSweeneyYYZ,129
7,aWebAnalysis,0
8,cashlist,1
9,pattycureau2479,325
10,SalihSarikaya,0
11,u_crypto,0
12,Bishalpaul111,71
13,bitcoin_deutsch,673
14,justawordaway,0
15,fihihnovik,202
16,sanchit0647,0
17,krungthepkaki,511
18,wahiugrup0,3251
19,lauricecastor11,18
20,BTCFXbrokers,0
21,MasterminingNet,0
22,EXPandAMP,4
23,getitoutnow,0
24,elsoldeAca,0
25,rscbeck,96
26,socialstartnews,0
27,jsnmiller314,40
28,guxagata,25
29,cryptosuntsu,0
30,Blockarticles,7
31,SoCoinedUp,0
32,jen48260,2
33,DXB_AUH,0
34,tohir229,1
35,roadie_sam,43
36,RJMCrypto,379
37,baanxcom,96
38,hamletsmarkup,202
39,MirkashimMia,1
40,uasociolog,57
41,TheBCGospel,3033
42,Satoshi40614573,117
43,YounesSonm,3033
44,evilsal1,25
45,DollyRay1987,63
46,A_mcmxci_,8
47,CoinSenero,0
48,Bitcoin_Post,0
49,Soc_Currency,0
50,mnp_tasha,26
51,crypto_elleok,0
52,CollinBlatt,0
53,CryptoKChicago,7
54,lightwordman,71
55,Livestradamus,25
56,muhammad_enem,417
57,Crypto_News_4U,0
58,bitcoinschannel,0
59,joebit12,0
60,jenniferjune33,0
61,llew2011,3033
62,robustpatsy,527
63,cryptobob29,150
64,Bubblehead519,31
65,xilinx9959,0
66,TheNvsibleHand,1
67,rockbarcellos,3033
68,indAIxecution,0
69,EmbeddedD,3
70,John_Verdon1,0
71,ShivamShukla90,0
72,virtue_eneida,636
73,JEANTOMINAGA,0
74,iad_xo,15
75,Pipstermoto,183
76,STALININST,3
77,Mrxstocks,0
78,TheFutureCash,0
79,ExpInvestor,0
80,davidjeffords,0
81,Cindy_Arum05,155
82,L0RD_CRYPTO,0
83,EOTCOIN,0
84,jsalbert_,8220
85,thrawnempire,76
86,Ozzmak,7
87,Sharper_Love,130
88,XRPinfo,1
89,MedinaEdgingto,1013
90,BetterGetRich,40
91,yawndarwin,385
92,thecyberwire,0
93,toonpunk23,1
94,StbergStorm,8220
95,MyIcoLawyer,0
96,criptotrading,0
97,SmoovOperation,0
98,KenanAKBAY,15
99,kingham111,1
100,freestylefriNG,549
101,TheCaliManCan,0
102,LLRUGB,1
103,fribster64,40
104,Ticky_Rhomas,0
105,RitaAdele117,5
106,Rafallol7,46
107,Crypto_KT,22
108,robustself,0
109,EvilMilker,0
110,KlausLovgreen,6
111,axiomheartpulse,377
112,CoinFestUK,1
113,kapilendo,0
114,suzieqnelson,63
115,Fico123,46
116,SanelyEric,0
117,bdsultana8,133
118,BoersmaJappie,96
119,cjkruqrvr1388,84
120,Benadh10,25
121,SMDominator,63
122,thelilcrypto,0
123,NADZcom,40
124,TokenICOcoin,5
125,usacustomers,0
126,1PercentBetterT,1
127,x_scotty,245
128,amouni_fnd,345
129,craigajones,0
130,AmeriTrendFund,0
131,Abulkal83228401,7
132,Uly077,0
133,EnriqueITE,1
134,sidesleeping,376
135,alok87859612,93
136,RebelliousCoin,3
137,CmZQIaM0JS9A6aG,0
138,rogvirtualmoney,90
139,theonevortex,25
140,kriz_andal,202
141,Alrexzander,4
142,AsbolivarSa,20
143,3rdrockcrypto,5
144,healthcarecoins,0
145,iraluv4real,57
146,malandroperto,0
147,nord011,1590
148,silveragorism,0
149,Brian_San_Nico,3033
150,jpdavids_,0
151,BitcoinOps,0
152,strictly_crypto,40
153,ssn4marketing,0
154,LitecoinUKs,1
155,harjinder_harj,1
156,coin_sniper,14
157,senechka63,0
158,Bitcoin_fn,0
159,wharveyc,96
160,socmediaimpact,0
161,ZenTMSupporters,1
162,jed12192000,245
163,blockchainhelpr,0
164,eStream_Studios,0
165,deknulk,0
166,CryptooCurrency,0
167,artech_digital,1
168,kleis_jarigsma,0
169,BitcoinMarket2,0
170,thisisYashaswi,0
171,zusolms,0
172,bitbotvestor,0
173,cointicker,0
174,OmasenO,0
175,ChristBKK,0
176,boomedianetwork,0
177,Lespinasse2014,332
178,Novita_maya_,1
179,helijama,0
180,a_chimpchump,0
181,LittleMuti,9
182,jango124331,111
183,TweetMordecai,7
184,mnf_,3033
185,brad_dk,0
186,nightowlsun,46
187,socialnewstweet,0
188,MoonzSmile,1
189,BitcoinCash_Fan,0
190,Bitcoin_UAE,0
191,_nat,1
192,ModernApostate,70
193,FREEBITCOIN_USA,5
194,CryptoBasey,24
195,BTC_LTC_USD,2
196,CryptoXanax,96
197,notwaterfall,40
198,socmrktng,0
199,TheWebbyAwards,0
200,bimbomolecule,209
201,goqoxnujc,407
202,returnhugo,96
203,FigurJakob,82
204,Allison_hada,1
205,mitzisfinesilk,37
206,scolcoin,1
207,sovereignmonkey,24
208,ecurrencyhodler,24
209,buffer0overflow,3958
210,forexmaniaco,0
211,PoonBaron,40
212,mibitcoines,44
213,Shaman_Ka,0
214,cryptochan,0
215,SunnyRayDigital,63
216,bittypy,0
217,Tweet_AB,1
218,ke5aj48q8e62,97
219,bitcoinest,0
220,Bitboy_Hodl,0
221,mario_berka,3033
222,dopeycertificat,527
223,trustincryptos,3
224,Bizniz203,46
225,dabreakradio,0
226,teddemop,2
227,simon87788,7
228,A1l1m1,1
229,NatureRunsWild,1
230,kasouutuka,0
231,CiprianStefan13,22
232,branziggracerx,0
233,jmwiersma,25
234,arsi_nagor,202
235,bitcoininsides,0
236,bitfortip,52
237,Crypto_Bitlord,40
238,_Alex_Il,0
239,KryptoLito,3033
240,creamcoin,1
241,center_cloud,0
242,jonijack,3033
243,asvpisaac,2
244,blockcryptovent,0
245,SocialMedia_RS,0
246,Mike73678515,3033
247,SoHaptic,4
248,SebMeterling,123
249,whiteqol7399,0
250,YoginiMaureen,63
251,Huobi_Token,0
252,korea_coin,0
253,jriox,27
254,vthot4,3033
255,PrinceofBitcoin,12
256,The_CryptoBall,0
257,NoxiousAlt,933
258,tokentoday,12
259,worldpressradio,1
260,neungkl,8220
261,ugosetti,2
262,bitcoin_fan_,0
263,jam02141,58
264,kryptonetpl,0
265,cryptoUSD,0
266,Yurchik55,0
267,EconomyWrld,0
268,diggadugger,240
269,CN_Traders,5
270,cryptomaeve,105
271,Optical711,46
272,Crypto_forum_,0
273,lanneaster,83
274,ramon_heredia,0
275,BitCashPTC,3
276,VirtualMoneyBot,0
277,Leodalat1,0
278,RoseSmithPA,78
279,HODL_INC,0
280,finance_god,0
281,CriptoReina,98
282,jaiwardhan_live,106
283,bet72,1
284,Denizius1312,40
285,socialstocksnow,0
286,crypt0rian,40
287,Dinihikayecom,150
288,daggersparma,527
289,BitcoinBirch,8
290,BondAdrianBond,89
291,deppil90,119
292,Crackupboom1,3033
293,kali_staff,1
294,maheshsashital,0
295,SYOO86,40
296,godbole17,0
297,JoeManzanares,0
298,lurkforceTV,4
299,ITPro,0
300,hankeh,673
301,WardandSmith,0
302,JSmistro,1
303,megastbrasud,831
304,jdebunt,0
305,swarnava_crypto,0
306,bitcoinbizzz,0
307,CryptoChris06,0
308,Chris_Lee_1,1
309,aureliarizzard6,43
310,KirkwoodTalon,63
311,krise_caroyln,25
312,GordonGains,40
313,Remi_Vladuceanu,4
314,Bleezking78,0
315,addiktoo,117
316,eyepiececharcoa,377
317,ProCryptNetwork,0
318,ForexInves,0
319,wildeng,0
320,k__Specialist,1
321,FedorenVasilii,83
322,ZenzoLusengo,47
323,sabotagebeats,136
324,joko4ko2,57
325,cryptosis_io,0
326,dealornodeal420,98
327,arbit_en,2
328,goldcryptonite,93
329,LetsBuyCrypto,0
330,shoas,71
331,befriendinfanti,831
332,CryptoFonz,40
333,amalmerzouk,0
334,Narikin_Susume,0
335,SteveTait3,0
336,FluhartyBrenne,549
337,iCashNetwork,3031
338,newssictweets,154
339,neungklz,8220
340,NewsCryptoCoins,0
341,RitaBotsAlbania,3
342,ssn1tweet,0
343,carmellahammed2,25
344,Mr_Schwul,345
345,srihariinnamuri,0
346,kashifarshad13,9
347,lavras2,0
348,bitterguys,0
349,Dineth_Tharanga,1562
350,behzadbehrouzi,0
351,IAMMKHALID7,1
352,omgpocketminer,62
353,bitcoinspot,1
354,HunterX21740755,69
355,GoldCoinJar,0
356,CryptoHarmonics,0
357,Symbio_6,96
358,ICOtimeline,0
359,FilipeMPEPE,398
360,Success_on1y,32
361,KushOverLord,136
362,artistdaddy,71
363,6jeffffej9,673
364,Senthil75084286,2
365,rossi_george,2
366,aus_bitcoin,0
367,Deathwiish_,40
368,blushingskinny,384
369,quack1612,0
370,BrandarioBrands,0
371,khaabu8014,31
372,k3nk3n1024,7
373,Isabel44372190,71
374,hodljosh,0
375,Crypt0Craft,0
376,altsul,3033
377,durangoforex,1
378,ceredigionman,2
379,DanilCh81,24
380,aoiro888,0
381,gbotojesus,0
382,BitcoinDiscover,0
383,albertan48,7
384,s_total_s2,3
385,CryptoCrest,40
386,salinitykaaba,1204
387,Fatih_Oztunc34,105
388,token310,98
389,djtsetse_gh,42
390,bitsonlinecom,1
391,Theresa21Young,63
392,armour_brad,271
393,clbinvestidores,0
394,cavalcadegrapes,831
395,JohanUnger,3033
396,Harish989166,25
397,fradipiazza,0
398,natedoggydog,25
399,LowlandsCrypto,0
400,JimRHenson,63
401,Samuraiizz,26
402,PhilCrypto77,96
403,vinalaura02,347
404,Carlomrtz,0
405,cryptolargo,1
406,bitcoin_xx,0
407,_GarrettM,40
408,IonisDisrupts,0
409,CryptoLane34,8220
410,HarryDBean,46
411,Alexdmtrvv,40
412,WatMarelis,36
413,ohiobitcoin,0
414,BitConnect_Fans,0
415,StephanBest,0
416,TamasTokos,105
417,opuga2,167
418,wing_tachyon,5
419,rajkiransingh84,0
420,CoinsNews24h,0
421,Alto5,22
422,MALTHAEL110,0
423,cloudmendip,167
424,tommy_flicker,549
425,writerhumorous,831
426,MiloCrypto,136
427,solarnomy,34
428,RandallGoulding,0
429,BitcoinGatherer,0
430,Djvideoo,245
431,siomatonou1975,385
432,StakeUnited,0
433,TslifeStyle88,282
434,cryptoyupi,2
435,techie_trainer,0
436,BTCQueens,1
437,thedavidcoen,0
438,Sigmund1908,0
439,coinspectator,0
440,andushkinm,152
441,geraldi97887245,399
442,ashireesh,3
443,amhmdyasr,78
444,CryptoAirdrop6,0
445,klasik1982,417
446,cryptoDG,5
447,trumpthat_pussy,8220
448,BakeOBit,105
449,SofiaMiller0,63
450,KSliwowski,8220
451,FlipNormalTwist,87
452,CryptoFrog_,1
453,mosesakinbobami,0
454,eBargainsToday,0
455,mittynene,0
456,TV_TradingIdeas,0
457,dinisguarda,59
458,lamapalooza11,13
459,saulameliach_CG,0
460,BitcoinMasta,0
461,tarmedia,1
462,escortscrnet,0
463,ilhan_cicek,0
464,Huyan85,7
465,robertmalakhov,3033
466,ragigokangusu,202
467,DRPECON,2
468,flintb22,345
469,crypto_loder,0
470,coinok,0
471,seosumgd,549
472,DARKAQUARIUS777,3104
473,SteveHa85000139,36
474,Jorrit_Br,96
475,Daagle23,0
476,Pedroalvesramos,1
477,PumpChanelAlert,1
478,Newspeye,56
479,CryptoCurrent,0
480,nidahiratsuka21,41
481,AlonsodeOjeda88,40
482,yumyumthaibath,3033
483,bitcuners,0
484,coindaytrader,1
485,AHITHfilmfest,0
486,IcoVenture,208
487,InvestorIdeas,0
488,brandon_pulling,1
489,cryptozentrale,0
490,rayawalker79,0
491,WOTBlockchain,89
492,socialprnews,0
493,EmmanuelAnique,0
494,fb_wwww,8220
495,StarMannen,0
496,CasaDeCambioBTC,0
497,nurigngor,0
498,CryptoCurb,1
499,coin_sight,0
500,gutachter,2
501,HeadedToVegas,3033
502,GProductionsNYC,1
503,Enochpetomedic,0
504,fxmgm,0
505,SrRicRoq,136
506,litecoingray,0
507,KodYazici,0
508,GbrilliantQ,0
509,Crypt0_Alerts,1
510,muthukumarng,1
511,chrisbitcoins,0
512,wobbbbble,40
513,DoubleBinksR10,96
514,TheBitEasy,0
515,PurvisRobinson,63
516,Xentagz,25
517,jasonirvine,0
518,markonawall,3033
519,jameelthegran,71
520,SOLTOLUCA,0
521,seahorncapital,13
522,Dar_Alsabaek,0
523,GhostInTheSh,24
524,BruhOfBittrex,40
525,socialstartnow,0
526,hardware10,1
527,specsbk,40
528,marya1986,0
529,CyberDomain,3
530,FlossedMind,188
531,SAMEER85994390,105
532,leloira,83
533,TAnketcisi,0
534,jrobertson,3
535,DYNAMITEDORK,1
536,DenVichi,364
537,GrampsEli,8220
538,bl4ng_,1
539,darrens492,1
540,yukoreed246,25
541,BenjaUOC,0
542,s70k3rm0n4c0,36
543,CryptoNakamoto,0
544,hugom_cn,2170
545,kevinmonserrat,0
546,Phishwise,0
547,HouzzCertified,0
548,neogenechoruses,527
549,tin_na1,40
550,suicidalbanker,0
551,cryptobankroll,40
552,petertahoe,0
553,KozielskaStenia,59
554,drafterpitcher,527
555,Crypt0baron,21
556,diegopaco10,0
557,argo0382,1
558,RedPillTrading,0
559,Djaidge_crypto,10
560,shy_ac,8220
561,bitcoinmodel,105
562,CryptoSage,22
563,bullieveinbtc,3033
564,bitbrokersinc,0
565,PEnglishnews,1
566,cryoto_lover,1
567,Michael_Jacobe,63
568,felipefrog,83
569,Dave_Parrish,4
570,Fabian_vBergen,0
571,Mayankahuja1988,24
572,CoinbaseUKss,1
573,Resol8,36
574,BTCYamakaza,40
575,PTampouras,41
576,CryptoBuzzUK,1
577,cryptocoinage,22
578,follow_ka12neee,0
579,OnlineCasino246,0
580,JulioLCarvalho,1
581,happenedTomorro,96
582,NewsCoverUp,0
583,el_penunuri,2
584,digitalassetdb,0
585,DavidRPrasser,0
586,krasnovaangela,150
587,coinographio,0
588,gelatintosser,376
589,Fab00se,0
590,TickerBitcoin,0
591,69Bacardi69,46
592,oskarpedrero,0
593,Kalimategypt,527
594,focalrag,376
595,andorranwatersk,202
596,samoyl01021,1127
597,NoLuckNeeded,0
598,kintacoma1984,202
599,eagawker,0
600,REDXXXY,1
601,BTCDJS,40
602,litecoindad,10
603,Trend_Ico,1
604,paul_hempshall,3033
605,xopepkied1439,43
606,p_Vega,0
607,XProCryptoCom,0
608,Wtradeveloper,466
609,jameswjesso,1
610,CoquiCoin,30
611,AkanshaDigital,63
612,recentpoker,0
613,joye_pincura,540
614,Blawksy,0
615,EBeddingSets,0
616,sectorviral,0
617,Merch_Crypto,0
618,BitcoinWrld,2
619,cryptcoin_trade,0
620,lana_bratkova,0
621,Affiliate_WP,0
622,vintagebazaarOB,96
623,bittokoinNe,0
624,op_return_ack,1
625,carterjamss,63
626,socialirnews,0
627,Maksim_sh1,0
628,abhishekbagewa1,474
629,DamianSpiczka,40
630,LONDONAIMCAP,1
631,WECpoker,0
632,mohamedlorfi,215
633,cryptostardust,96
634,aabhishekbankar,705
635,Trader_Maxbit,0
636,Vika_kayak,0
637,Cryptogab82,0
638,PunioArtz,19
639,MindOfAquarius_,229
640,jaclyn_________,0
641,quasidb,0
642,jabbmeister,40
643,someguyjack,96
644,Zyklon_B88B,0
645,_Data_Science,0
646,kamillabarbosa,83
647,politicalHEDGE,0
648,Luke_A_Rigby,0
649,Krypto_Marv,1
650,crypto_dutchie,15
651,VictoriaInShape,3
652,tapchains,0
653,RoWithit,1
654,DamithLakshitha,0
655,CWRoehl,0
656,zero_men0,0
657,ugrtas,50
658,nino_tk,0
659,ceylnarsln,80
660,laughingmantwit,65
661,nymeriosa,83
662,crypto30,0
663,joshuaszn,40
664,cm71x,0
665,Crypto_smarts,8220
666,prtweetsnow,0
667,neomiselbach916,540
668,rebeccan707,0
669,Crypto_Dynamix,25
670,BPBeckett,0
671,IFMU_Gaming,4
672,GroganAlgo,0
673,PANAGOT,6
674,radu_costantin,22
675,dclvitorino,136
676,CryptoDoze,208
677,mabsoriano,0
678,Godspromise4you,0
679,liJd316,0
680,playhashrush,0
681,glozingbouquet,376
682,RMexitcoach,1
683,psilighter,385
684,chitra_rajk,52
685,infonewbusiness,0
686,DollyRayDigital,63
687,goolilucas,62
688,kwiderenki,113
689,JHICFO,1
690,Bitcoin_Alerter,0
691,ayali1000,40
692,brentonyoung_,30
693,nimoawe,22
694,CryptoBrak,24
695,territoriobtc,0
696,cryptogrind,0
697,Cristia49885656,3
698,zagudaevaleks,0
699,Imrichbitch___,0
700,getlociES,1
701,thibaud_cor,2
702,Guybrush80BO,5
703,DamarisOlloqui,0
704,QueenxRaven,1
705,farscapian,96
706,SCarterUSA,0
707,BitNewsClick,0
708,MennoPP,121
709,AndySherman44,0
710,gcostoya,24
711,coinsurfer_eu,0
712,Berardinelli3,63
713,younes_2026,3
714,Cryptobot13,4896
715,BitcoinAndAlts,0
716,ibmcrypto,0
717,rmKocak,96
718,CasPoLinhNguyen,0
719,BIG_token,0
720,belle_aura,1
721,rongnozle,1
722,PLampesberger,96
723,Biognostic,8220
724,Iamanirudhsethi,2
725,tanja_mt,0
726,JJJonny99,1
727,coindar_,0
728,Guardian_msp,0
729,BtcEth14,367
730,Affiliate_UK_,0
731,tieucat90,150
732,AjuaaNoticiasMx,0
733,MFF_Forum,0
734,YeaahSwayZn,376
735,dachris19,1
736,DeryaGaby,63
737,bernd_oostrum,96
738,FabianChiera,1
739,sylvand,96
740,evonneozturk98,325
741,blockchainbot,2
742,asiyeakcayli,0
743,sKumar_Bhardwaj,82
744,stylist_ahmed,93
745,BlockchainInfo_,0
746,ivivekkm,2
747,danniegriffit10,643
748,fperuzzo,3033
749,CryptoShinobi,0
750,r_henggeler,1
751,judith_m_privat,0
752,GTNinnovation,0
753,cCipolla88,0
754,coiniusmaximus,40
755,djsenior13,24
756,OzBaggiN,1
757,BUYANDSHORTcom,93
758,Campuzoide,0
759,LionTellSecrets,40
760,dotuananh273,0
761,sbtravel20,0
762,SneakerWonk,0
763,BusyMiloFX,40
764,Levon_krd,0
765,Arkman44492791,159
766,ant4177,11
767,mohlukman,7
768,Rafaesp90,8220
769,royblub,2
770,taylormike498,89
771,CymruCrypto,0
772,Armando__Mendes,3
773,anandaporto,83
774,ssn3media,0
775,Emme_Conti,118
776,RealZenDigital,1
777,matthew93788179,398
778,geanderson,0
779,KryptoKonsumer,41
780,TheCoinStack1,0
781,MaghferatSaeed,3057
782,cpc464_a500,22
783,mustardmary7,63
784,SportsbookBTC,0
785,BitcoinTap,0
786,JosephSuifoia,25
787,saint_crypto,82
788,narigunochiata,202
789,YouAreThat7,30
790,seltzdiggity,96
791,kenny_gau,0
792,neutehdiaprat11,527
793,mans0386,0
794,kherubhai,5
795,criptodasnak,6
796,CryptoShinzo,9
797,FrenchCrypto,1
798,Stayi_nformed,0
799,allisongrrl,123
800,OraGree38601022,399
801,InfoAltcoin,0
802,muzammilabbas2,2
803,Jbrock130,1039
804,Rakesh51454839,90
805,cibusworld,0
806,isidraslonecke4,41
807,DreamingWorld4,0
808,BTC__Blockchain,40
809,zoloto1308,0
810,Ethereum_Fan,0
811,JonCClark,0
812,UtarSystems,6
813,CraigFerriman,0
814,loasislouli1976,2798
815,goonth,0
816,EthereumWest,40
817,CoinManiak,40
818,bitcoins_future,0
819,nesbh,1
820,viqewair,377
821,SpatariuDaniel,82
822,AlertTrade,1
823,RealCryptoKing,31
824,Eroiy_coin,0
825,CryptoChemistry,40
826,TravelinTweeter,1
0,vakarusss,0
1,random_uehw2632,204
2,nunoricardovaz,13
3,CapoTNero,102
4,Crypt0baron,24
5,dticed,3045
6,PaulSweeneyYYZ,129
7,aWebAnalysis,0
8,cashlist,2
9,pattycureau2479,331
10,wase_ly,43
11,REDXXXY,1
12,tipipopa1983,208
13,BitsandBights,0
14,bitcoin_deutsch,674
15,A_Bitcoiner,137
16,romanssotelo,514
17,writerhumorous,835
18,nadiacotting621,402
19,sanchit0647,0
20,coin_chart,0
21,lauricecastor11,21
22,BTCFXbrokers,0
23,kriz_andal,210
24,getitoutnow,0
25,rscbeck,102
26,bitcoinhackru,162
27,socialstartnews,0
28,amik_martensite,0
29,AlexxxTekilla,13
30,GretoIo,0
31,Blockarticles,7
32,J_man1975,4
33,EmbryonicWhale,102
34,DXB_AUH,0
35,cot_criptomoeda,0
36,RJMCrypto,380
37,baanxcom,102
38,MirkashimMia,1
39,SouradeepSaha1,110
40,TheBCGospel,3046
41,Satoshi40614573,126
42,YounesSonm,3046
43,evilsal1,51
44,DollyRay1987,75
45,souqalmaluae,0
46,Wtradeveloper,139
47,SUBTicker,0
48,VirtualMoneyBot,0
49,mnp_tasha,29
50,crypto_elleok,0
51,hodljosh,0
52,Vanessak61,3
53,guxagata,51
54,FigurJakob,82
55,2Sweet_2Classy,835
56,Livestradamus,51
57,Lamborghini__US,75
58,daggersparma,528
59,shop_around,154
60,BIG_token,0
61,bitcoinschannel,0
62,blanchshea2594,31
63,llew2011,3046
64,robustpatsy,528
65,himzy_,0
66,staypumlumon,389
67,cryptofk,0
68,TheNvsibleHand,2
69,Alrexzander,4
70,indAIxecution,0
71,tron2060,0
72,virtue_eneida,648
73,JEANTOMINAGA,0
74,BitxoxoIndia,0
75,marketranger,0
76,iad_xo,15
77,Mrxstocks,0
78,BTCQueens,12
79,ExpInvestor,0
80,Cindy_Arum05,154
81,EnriqueITE,1
82,u_crypto,0
83,EOTCOIN,0
84,jsalbert_,8220
85,thrawnempire,76
86,Ozzmak,8
87,Sharper_Love,103
88,btc_update,0
89,yawndarwin,389
90,Bishalpaul111,75
91,cryptobaa,0
92,toonpunk23,1
93,myfirstsatellit,2
94,MyIcoLawyer,0
95,criptotrading,0
96,gbotojesus,0
97,KenanAKBAY,15
98,hankeh,674
99,LLRUGB,1
100,Mayankahuja1988,51
101,ileengibson1258,336
102,RitaAdele117,6
103,Rafallol7,49
104,CryptoGuruGroup,0
105,plantimals,51
106,EvilMilker,0
107,AndySherman44,0
108,megatox83,51
109,DollyRayDigital,75
110,kapilendo,0
111,suzieqnelson,75
112,kiyoshi808,47
113,SanelyEric,0
114,bdsultana8,133
115,CallumMoodieme,3
116,WHardingKY,0
117,BoersmaJappie,102
118,mo9amda,1558
119,Benadh10,51
120,MyThingViewer,213
121,SMDominator,75
122,TokenICOcoin,13
123,DoomDumasZM,646
124,usacustomers,0
125,wahiugrup0,3259
126,T_cryptocrazies,0
127,AmeriTrendFund,0
128,RaidenGroup,1
129,bitcoinbizzz,0
130,jasonmsteele,102
131,sidesleeping,382
132,madnessICO,152
133,RebelliousCoin,13
134,mayebaszczewsk3,666
135,ceredigionman,2
136,simpletechman,0
137,BARIN_SPB,0
138,drainpanoramic,835
139,CryptoAirdrop6,2
140,NowBitcoinPrice,0
141,3rdrockcrypto,5
142,Toyota__Yaris,75
143,malandroperto,0
144,nord011,1594
145,branscuns,75
146,Brian_San_Nico,3046
147,jpdavids_,0
148,SJCrypto,50
149,ssn4marketing,0
150,Nathik_IN,51
151,BitcoinDetector,0
152,LitecoinUKs,2
153,MathersMatt,102
154,wizzurd,2
155,CoinInfo2018,29
156,wharveyc,102
157,zero_men0,0
158,socmediaimpact,0
159,blockchainhelpr,0
160,eStream_Studios,0
161,NewsCoverUp,0
162,kleis_jarigsma,0
163,BitcoinMarket2,0
164,thisisYashaswi,0
165,xames81,3045
166,zusolms,0
167,MitchBradley7,51
168,bitbotvestor,0
169,cmbutt114,49
170,cointicker,0
171,RandomGuyTM,102
172,MiluSick,79
173,appel_tom,13
174,ProgrammableTx,51
175,kidoshiishirai,2
176,potty_boy,26
177,vickymore29991,0
178,ChristBKK,0
179,Lespinasse2014,336
180,ForexInves,0
181,bitcoinpoet,0
182,ipenarrocha,0
183,jango124331,111
184,Hunting_Bitcoin,0
185,kavin_baker,0
186,beskotw,0
187,karinavlasova25,0
188,shawn0705,102
189,cryptogrind,0
190,umbrellarealist,208
191,BitcoinCash_Fan,0
192,Quinone_443,835
193,f3rmart,346
194,CryptoBasey,51
195,Crypto_Hillary,0
196,CryptoXanax,102
197,briLLaKriLLa,51
198,socmrktng,0
199,goqoxnujc,407
200,returnhugo,102
201,TURBOCRYPTOIO,1
202,popularjail,528
203,CWRoehl,0
204,Vice_0x1,44
205,fradipiazza,0
206,sovereignmonkey,51
207,ecurrencyhodler,51
208,MidaAcura,0
209,wing_tachyon,13
210,Shaman_Ka,0
211,TwitMarke7s,0
212,SunnyRayDigital,75
213,KedarPatil,75
214,bittypy,0
215,lramirez3241,0
216,ke5aj48q8e62,97
217,jaydippatel21,140
218,vintagebazaarOB,102
219,AlloyReserve,0
220,trustincryptos,3
221,dabreakradio,1
222,bittokoinNe,0
223,iperluminale,51
224,A1l1m1,2
225,tedkalloway,83
226,NatureRunsWild,1
227,WallStForsale,2
228,kasouutuka,0
229,CiprianStefan13,24
230,branziggracerx,0
231,cryptocoin,1
232,notedmourne,1128
233,cristo1,51
234,strangequarks,903
235,bitfortip,44
236,lucillemc,0
237,Lonzkie03,30
238,saulameliach_CG,0
239,_Alex_Il,0
240,focalrag,381
241,bombusbohemicus,2
242,dleibo24,51
243,SocialMedia_RS,0
244,CRYPTOVLADDY,0
245,BrunoHiller1,0
246,meisshaily,0
247,tarengill2906,984
248,Cryptosesiones,566
249,korea_coin,0
250,lathe65,0
251,PrinceofBitcoin,12
252,The_CryptoBall,0
253,MixReslee,263
254,ciabutas,24
255,abhinavgandhi04,0
256,jake16561250,47
257,ncarter1990,0
258,worldpressradio,1
259,neungkl,8220
260,SteveTait3,0
261,hdlbtc,0
262,bitcoin_fan_,0
263,Koren2291,648
264,kryptonetpl,0
265,cryptoUSD,0
266,EntropySin,31
267,hydrocryptogen,0
268,helijama,0
269,Yurchik55,0
270,Honda_Ridgeline,75
271,diggadugger,240
272,rkglnzbskzxy904,357
273,adellahagedor13,31
274,cryptomaeve,111
275,lanneaster,83
276,ramon_heredia,0
277,YeaahSwayZn,376
278,BitCashPTC,3
279,AquaStoneThrone,0
280,Soc_Currency,0
281,SSB_TWT,139
282,RoseSmithPA,79
283,CriptoReina,99
284,jaiwardhan_live,106
285,bet72,1
286,AllcoinsBcn,1
287,Arunprasath1992,0
288,TweetMordecai,9
289,coinomaniac,0
290,kali_staff,1
291,maheshsashital,0
292,skeptical_agnos,0
293,godbole17,0
294,JoeManzanares,0
295,coinlerinkrali,0
296,CoinmeATM,0
297,WardandSmith,0
298,JSmistro,1
299,megastbrasud,835
300,SA_Mian,0
301,Osadoloreddyson,0
302,socialnewstweet,0
303,DASHTicker,0
304,Chris_Lee_1,1
305,aureliarizzard6,43
306,krise_caroyln,31
307,GordonGains,47
308,Remi_Vladuceanu,4
309,membranesoundin,835
310,FirstCryptoFan,130
311,ELEProbtc,51
312,charanutarelli4,402
313,Novita_maya_,1
314,wildeng,0
315,hernzzzzzz,1
316,FedorenVasilii,83
317,ZenzoLusengo,49
318,d_bitpimp,1
319,azzaazeel,34
320,arbit_en,2
321,JimRHenson,75
322,BitcoinToday_4U,0
323,befriendinfanti,834
324,CryptoFonz,47
325,_nat,1
326,ugosetti,2
327,PremetraCompany,0
328,Crypto4thepeeps,514
329,iCashNetwork,3045
330,newssictweets,154
331,neungklz,8220
332,NewsCryptoCoins,0
333,r_henggeler,1
334,ssn1tweet,0
335,TRXdog,514
336,Mr_Schwul,346
337,MoneyHealthFina,0
338,Jim51031829,0
339,NEUNGAEG,1
340,harmoniousboile,381
341,behzadbehrouzi,0
342,lavras2,1
343,JYConsult,3
344,SebMeterling,123
345,omgpocketminer,63
346,Primabhaskaraa,0
347,Symbio_6,102
348,ICOtimeline,0
349,FilipeMPEPE,402
350,notwaterfall,47
351,kasandrajacob17,402
352,artistdaddy,75
353,6jeffffej9,674
354,aus_bitcoin,0
355,blushingskinny,389
356,quack1612,0
357,glennmartin,0
358,bhowell123,51
359,k3nk3n1024,9
360,MooningJav,0
361,FathyRifay,0
362,Crypt0Craft,0
363,altsul,3046
364,Rheza_Samara,1
365,mvacha,51
366,Precio_Bitcoin,0
367,durangoforex,1
368,Bubblehead519,31
369,smithylife,75
370,DanilCh81,24
371,EHFoundation237,208
372,GirlsOnCryptos,1
373,GoldCoinJar,0
374,BitcoinDiscover,0
375,xadexoT,389
376,s_total_s2,3
377,CryptoCrest,47
378,token310,99
379,djtsetse_gh,43
380,bitcoin_xx,0
381,papajohnsxxx,208
382,mitzisfinesilk,37
383,armour_brad,272
384,clbinvestidores,0
385,cavalcadegrapes,835
386,Harish989166,51
387,scolcoin,1
388,natedoggydog,51
389,LowlandsCrypto,0
390,tienwong,0
391,Samuraiizz,29
392,SoHaptic,4
393,socialstocksnow,0
394,TheCryptoWayOut,47
395,vinalaura02,229
396,warakasuwadai,0
397,kardach_maciej,47
398,Golovan2,47
399,willricketts,0
400,CrytpoChrys,31
401,_GarrettM,47
402,CryptoLane34,8220
403,HarryDBean,51
404,BitConnect_Fans,0
405,StephanBest,0
406,Jonathan_Spew,83
407,TamasTokos,111
408,opuga2,171
409,shiracorbalis21,31
410,forexmaniaco,0
411,rajkiransingh84,0
412,CoinsNews24h,0
413,MuchBitcoin,51
414,Alto5,24
415,_tparm,3045
416,xtianprintup,0
417,MALTHAEL110,0
418,tommy_flicker,547
419,sanjays0571,50
420,MiloCrypto,137
421,solarnomy,26
422,RandallGoulding,0
423,BitcoinGatherer,0
424,ZupplyICO,0
425,StakeUnited,0
426,techie_trainer,0
427,GrampsEli,8220
428,BitcoinBali2017,91
429,thedavidcoen,0
430,Cryptozcoin,51
431,cryptostardust,102
432,coinspectator,0
433,andushkinm,154
434,HKDILHK,8220
435,Brianp226,9
436,geraldi97887245,402
437,teodorescugeo76,97
438,NEMTicker,0
439,Rafaesp90,8220
440,MadDigiTsCrypto,71
441,bullionbuy3r,37
442,klasik1982,419
443,CryptCurrents,0
444,cryptoDG,13
445,trumpthat_pussy,8220
446,BakeOBit,111
447,NotesFromBTC,0
448,SofiaMiller0,75
449,henjenca,97
450,pinefarm3r,0
451,YesforBitcoin,51
452,FlipNormalTwist,87
453,CryptoFrog_,1
454,eBargainsToday,0
455,theMAVN,0
456,lamapalooza11,13
457,1001010z,0
458,rayawalker79,0
459,navado10,9
460,Nat_Jigsaw,13
461,escortscrnet,6
462,ilhan_cicek,0
463,Huyan85,9
464,TheVCfund,0
465,ragigokangusu,210
466,2Coins1Cup,51
467,GodGreeny,51
468,crypto_loder,0
469,coinok,0
470,seosumgd,547
471,mjsolimini,58
472,SteveHa85000139,37
473,Jorrit_Br,102
474,Daagle23,1
475,socialprnews,0
476,WolfOfBigBlocks,6
477,PumpChanelAlert,2
478,CryptoCurrent,0
479,fb_wwww,8220
480,AlonsodeOjeda88,47
481,yumyumthaibath,3046
482,bitcuners,0
483,CryptoMillion21,13
484,Crypto_AtoZ,0
485,JanLavicka,51
486,akhilzs,0
487,_SmallCapNation,0
488,Piradoxlanieve,0
489,hanindyo,102
490,WOTBlockchain,91
491,BTCMoneyCenter,0
492,coin_sight,0
493,nidahiratsuka21,44
494,Isabel44372190,75
495,fortruthandall,0
496,nurigngor,0
497,craigmack79,47
498,BangkokCrypto,3045
499,Deeds2004,31
500,Enochpetomedic,0
501,fxmgm,0
502,GProductionsNYC,2
503,OpenfieldLive,0
504,CryptoBabe5,1
505,Crypt0_Alerts,0
506,muthukumarng,1
507,elpreciodelbtc,0
508,wobbbbble,47
509,DoubleBinksR10,102
510,Xentagz,51
511,BitcoinReview_,0
512,niracolmi1988,381
513,jameelthegran,75
514,Fahrul_alung,152
515,lurkforceTV,4
516,Dar_Alsabaek,0
517,Get_airdrop,0
518,GhostInTheSh,51
519,Pedroalvesramos,1
520,socialstartnow,0
521,seapollo,1
522,marya1986,0
523,samhyv,110
524,SAMEER85994390,111
525,leloira,83
526,ashireesh,3
527,CryptoTass,13
528,DYNAMITEDORK,1
529,DenVichi,194
530,acekicker77,0
531,nickjay_22,0
532,SearchLock,0
533,jmwiersma,51
534,BenjaUOC,0
535,DreamBIGG_Now,1
536,SVENVDKNESEBECK,41
537,McodyS1995,160
538,hugom_cn,2196
539,kevinmonserrat,0
540,50freedoms,0
541,CryptoScrypt0,210
542,HouzzCertified,0
543,XRPinfo,2
544,benaliA94,0
545,cryptobuckk,0
546,USBitcoinServcs,64
547,MartynBradley6,0
548,jrltexas1,0
549,SpatariuDaniel,82
550,petertahoe,0
551,KozielskaStenia,59
552,drafterpitcher,528
553,MGTKFX,0
554,uakamaka,51
555,ELROYCE,3045
556,argo0382,1
557,jeffreyprice196,31
558,RedPillTrading,0
559,Djaidge_crypto,10
560,FerasAlD,51
561,bitcoinmodel,111
562,chainguru_io,0
563,4dam2017,75
564,CaptainCrypto4,6
565,PEnglishnews,1
566,cryoto_lover,1
567,Michael_Jacobe,75
568,Fabian_vBergen,0
569,CryptoJefferson,1
570,HodltheWhale,6
571,sakamotometal,0
572,PTampouras,41
573,showmethelites,75
574,CryptoBuzzUK,1
575,propify_online,0
576,cryptocoinage,24
577,MoonzSmile,1
578,jeu154,47
579,happenedTomorro,102
580,jam02141,58
581,simplykhizer,140
582,sobaliving,0
583,el_penunuri,2
584,digitalassetdb,0
585,bsalert,0
586,gelatintosser,381
587,Fab00se,0
588,crassquit,389
589,paulsnx2,3
590,leannasmith2747,402
591,drex_jurassic,110
592,Bitcoin_Cloud,13
593,KryptoLito,3045
594,StbergStorm,8220
595,kintacoma1984,210
596,eagawker,0
597,riosakamoto1,13
598,quantocusta1btc,0
599,litecoindad,3
600,jasonirvine,0
601,palinoia,28
602,ElixiumCrypto,1
603,jameswjesso,1
604,AkanshaDigital,75
605,CryptoLEccose,51
606,ArieanaGrannde_,0
607,ADATicker,0
608,BitcoinWrld,2
609,SOLTOLUCA,0
610,Affiliate_WP,0
611,dgulaev,13
612,Nissan__Juke,75
613,MHill93699,25
614,Todd_Five,51
615,BLOCKNINETYNINE,0
616,socialirnews,0
617,CryptoCracker,0
618,BitcoinAndAlts,0
619,AnnaSoulMaster,0
620,abhishekbagewa1,476
621,DamianSpiczka,47
622,WECpoker,0
623,kryptonewsde,0
624,Bitcoins_alert,0
625,JustinDane5,1
626,Coinexchangeco,3045
627,fiazahmedfaizi,0
628,mohamedlorfi,114
629,MojaveDan,0
630,RoWithit,1
631,fihihnovik,210
632,nino_tk,0
633,aabhishekbankar,705
634,Trader_Maxbit,0
635,TradeTemplum,0
636,Vika_kayak,0
637,cryptolargo,1
638,OneginV,126
639,Natgeo127Ctk,0
640,flybri247,51
641,jabbmeister,47
642,white_mgtow,3045
643,DeexCoinTurk,0
644,JosephE63225104,194
645,askmecrypto,13
646,politicalHEDGE,0
647,Krypto_Marv,1
648,crypto_dutchie,15
649,EOSTicker,0
650,VictoriaInShape,3
651,vrnnfzwexmw1539,65
652,Huobi_Token,0
653,Artemka_z,152
654,smtaxservice,2
655,eng_sercan,0
656,OmarAttass,4
657,cavemanromance,0
658,jriox,27
659,laughingmantwit,51
660,nymeriosa,83
661,mountainview999,0
662,dikson71,0
663,hardware10,2
664,gasdigital,0
665,geraldinesidhu4,21
666,Crypto_smarts,8220
667,prtweetsnow,0
668,neomiselbach916,540
669,1monstermadness,51
670,Crypto_Dynamix,51
671,CyberDomain,6
672,IFMU_Gaming,4
673,dannykey,110
674,PANAGOT,6
675,dclvitorino,139
676,CryptoDoze,120
677,danishkj6256,31
678,AntonioRelenn,75
679,playhashrush,0
680,RssBit,0
681,RMexitcoach,1
682,sonyegy3021,0
683,jioannis17,58
684,CoinFestUK,1
685,PhilCrypto77,103
686,goolilucas,63
687,kwiderenki,114
688,traceyfranck713,648
689,Bitcoin_Alerter,0
690,brentonyoung_,31
691,nimoawe,24
692,CryptoBrak,51
693,hossein761,3045
694,MasterminingNet,0
695,Imrichbitch___,0
696,seneibra666,0
697,getlociES,1
698,Fico123,49
699,Cryptopoussin,380
700,g3rard0s,11
701,DamarisOlloqui,0
702,QueenxRaven,7
703,farscapian,102
704,BitNewsClick,0
705,MennoPP,153
706,BPBeckett,0
707,vio1965,0
708,bimbomolecule,381
709,verdellholt1937,648
710,gcostoya,51
711,GroganAlgo,0
712,younes_2026,3
713,Bitcoin_Stats,0
714,Cryptoc49514373,246
715,SergeyL80054504,251
716,rmKocak,102
717,CasPoLinhNguyen,0
718,dontpoketheBull,2
719,coincerberus,0
720,cjkruqrvr1388,84
721,belle_aura,1
722,Biognostic,8220
723,Iamanirudhsethi,2
724,JJJonny99,1
725,Noah_stn,0
726,Guardian_msp,0
727,AnonymTipster,91
728,1k_experiment,0
729,dachris19,1
730,mabsoriano,0
731,bernd_oostrum,102
732,FabianChiera,1
733,sylvand,102
734,blockchainbot,0
735,asiyeakcayli,0
736,sKumar_Bhardwaj,83
737,harjinder_harj,1
738,bettieschulze91,31
739,sourlyrics,0
740,danniegriffit10,653
741,CryptoShinobi,0
742,falab_gogo,5
743,placesbrands,0
744,judith_m_privat,0
745,AngelDavitkov,0
746,GTNinnovation,0
747,cCipolla88,0
748,1PercentBetterT,1
749,coiniusmaximus,41
750,djsenior13,51
751,BUYANDSHORTcom,97
752,Cryptobot13,1195
753,dotuananh273,0
754,invasucan1975,389
755,SneakerWonk,0
756,BusyMiloFX,47
757,Bitcoinlekazan,0
758,Levon_krd,0
759,henrideparis,2
760,Hyundai__Equus,75
761,BTCticker,0
762,HikoXvi,0
763,david_das_neves,3
764,TheDailyExport,1
765,s0fritoCoins,0
766,inginfgil,75
767,taylormike498,91
768,glozingbouquet,381
769,EmyLeklap89,68
770,ssn3media,0
771,Emme_Conti,126
772,RealZenDigital,1
773,KindledAurora,0
774,matthew93788179,402
775,artech_digital,1
776,geanderson,0
777,KryptoKonsumer,41
778,MaghferatSaeed,3096
779,mustardmary7,75
780,BitcoinTap,0
781,JosephSuifoia,51
782,saint_crypto,84
783,freestylefriNG,547
784,neutehdiaprat11,528
785,kherubhai,5
786,CryptoShinzo,9
787,_jso_13,0
788,OraGree38601022,402
789,bitcoin_service,0
790,Chris88Ovoxo,0
791,neogenechoruses,528
792,astrafine,0
793,Crypto_fans_,0
794,cibusworld,1
795,henriettenayde8,984
796,DreamingWorld4,0
797,zoloto1308,0
798,JonCClark,0
799,UtarSystems,1
800,Jenifersy88,0
801,loasislouli1976,2802
802,PromoCrypto,208
803,DummiesBitcoin,0
804,Laurent23902842,110
805,billruby,0
806,rogvirtualmoney,91
807,cryptobob29,152
808,nesbh,1
809,suicidalbanker,0
810,cryptobankroll,47
811,Shailesh_b_k,43
812,theonevortex,51
813,RealCryptoKing,31
814,LOTTOWIZARD7,1
815,Eroiy_coin,1
816,CryptoChemistry,47
817,TravelinTweeter,1
818,AjAwesomecalls,0
0,HedgeBz,0
1,KelboVaz,29
2,SSB_TWT,139
3,random_uehw2632,204
4,nunoricardovaz,21
5,nanaama110,1
6,Dash_Fans_,0
7,smartcityfeed,1
8,XVGWhaleReal,1
9,cashlist,0
10,henjenca,98
11,wase_ly,43
12,shopseasonal,0
13,katatanikoroshi,215
14,BARIN_SPB,0
15,BitsandBights,0
16,V3Strategy,2
17,A_Bitcoiner,139
18,romanssotelo,516
19,nadiacotting621,405
20,drillsuccession,386
21,TheCarpForum,0
22,NevilleMashego,70
23,coin_chart,0
24,BitcoinCashFans,83
25,getitoutnow,0
26,bitcoinhackru,162
27,socialstartnews,0
28,amik_martensite,0
29,imagehammered,1206
30,GretoIo,0
31,J_man1975,5
32,NowBitcoinPrice,1
33,dticed,3062
34,DXB_AUH,0
35,Crypto_Fried,0
36,cot_criptomoeda,2
37,cryptobaa,0
38,monagill837,46
39,uasociolog,0
40,SouradeepSaha1,112
41,wittychris2,1
42,YounesSonm,70
43,Arunprasath1992,0
44,mattschwartz77,49
45,lathe65,0
46,Zcash_Fans,0
47,Aeternam_31337,0
48,SUBTicker,0
49,JuanLlanos,0
50,Soc_Currency,0
51,Vanessak61,5
52,FigurJakob,82
53,2Sweet_2Classy,835
54,iamcharogurl,1
55,crypto_elliott,56
56,coinomaniac,0
57,bigmartyMore,0
58,shop_around,156
59,blanchshea2594,31
60,himzy_,0
61,staypumlumon,393
62,CryptoBoye,42
63,ceredigionman,3
64,TheNvsibleHand,0
65,ksaswprq2045,26
66,indAIxecution,0
67,tron2060,0
68,BitcoinCryptos,0
69,rosariobibring2,545
70,BitxoxoIndia,2
71,marketranger,0
72,turkiy20,8223
73,Slovenia_No1,39
74,airdrop_crypt,0
75,BitcoinBali2017,93
76,DomagojPetrovic,70
77,TukoL_,0
78,Terrydtate,0
79,BithercashC,0
80,Inziders,3
81,ryanchanryan,0
82,TweetGoldCrypto,88
83,EOTCOIN,0
84,Ozzmak,1
85,CryptoMcBitcoin,21
86,btc_update,0
87,coincerberus,0
88,Bishalpaul111,78
89,AlbertoBacoBW,24
90,schwarzweisz,0
91,CryptoNewbieee,0
92,hydrocryptogen,0
93,myfirstsatellit,2
94,criptotrading,1
95,crypt0dinero,69
96,Btcmaster_4U,0
97,ileengibson1258,337
98,Rafallol7,53
99,CryptoGuruGroup,0
100,plantimals,70
101,hossein761,3062
102,AndySherman44,0
103,megatox83,70
104,Heidabyr,3062
105,nurigngor,0
106,Osaidbk,0
107,kiyoshi808,53
108,frankmottek,0
109,PBB_Team_Global,39
110,WHardingKY,0
111,RisingDarkstar,1
112,mo9amda,1563
113,hren2,70
114,MyThingViewer,213
115,TokenICOcoin,21
116,DoomDumasZM,646
117,usacustomers,0
118,T_cryptocrazies,0
119,RaidenGroup,1
120,CoinInfo2018,30
121,CryptoActu,0
122,madnessICO,152
123,RebelliousCoin,21
124,mayebaszczewsk3,668
125,FmFrancoise,3062
126,simpletechman,0
127,tipipopa1983,3265
128,drainpanoramic,835
129,jmar42,0
130,MartynBradley6,0
131,GamerGenieGG,53
132,3rdrockcrypto,0
133,Toyota__Yaris,77
134,Nardeus1980,0
135,nord011,1594
136,branscuns,77
137,SJCrypto,55
138,ssn4marketing,0
139,Nathik_IN,70
140,BitcoinDetector,0
141,jasonmsteele,112
142,MathersMatt,112
143,wizzurd,2
144,raphyt,70
145,marshawright,1
146,BitcoinkursLive,0
147,socmediaimpact,0
148,blockchainhelpr,1
149,Blawksy,1
150,eStream_Studios,0
151,clashicly,70
152,BitcoinMarket2,0
153,thisisYashaswi,0
154,popularjail,532
155,AlexxxTekilla,21
156,EZ_M0NiES,2
157,NEXTCOIN_News,1
158,MitchBradley7,70
159,cmbutt114,53
160,dontpoketheBull,2
161,strangequarks,905
162,MiluSick,79
163,appel_tom,21
164,ProgrammableTx,70
165,ArieanaGrannde_,0
166,potty_boy,26
167,vickymore29991,0
168,propify_online,0
169,bitcoinpoet,0
170,pinefarm3r,0
171,luxoneumglobal,0
172,NoemCanseco1,1
173,trimmingheineke,392
174,jango124331,111
175,Hunting_Bitcoin,0
176,kavin_baker,0
177,beskotw,0
178,karinavlasova25,0
179,CoinmeATM,0
180,EmbryonicWhale,112
181,socialnewstweet,0
182,EawfBob,72
183,xbtmoney,0
184,umbrellarealist,215
185,susanpieters650,50
186,Quinone_443,835
187,AchieveThis,0
188,TheMarketStorm,8
189,Crypto_Hillary,0
190,xhiroz,4
191,Chefs_Entrepris,0
192,socmrktng,0
193,bimbomolecule,386
194,xadexoT,393
195,indusblast,214
196,Vice_0x1,44
197,sovereignmonkey,70
198,coinarchive,2
199,sssssupercereal,112
200,d_bitpimp,1
201,wing_tachyon,21
202,sumerain,112
203,4dam2017,78
204,TwitMarke7s,0
205,CryptoCoinsZ,21
206,KedarPatil,77
207,CryptosSuisse,0
208,lramirez3241,0
209,yukolatham,0
210,jaydippatel21,141
211,AlloyReserve,0
212,narimatsushinn1,0
213,kushiitd,29
214,MoneyHealthFina,0
215,tedkalloway,84
216,WallStForsale,3
217,empreendedormmn,0
218,cryptocoin,1
219,notedmourne,1128
220,cristo1,70
221,RandomGuyTM,112
222,alterationhinge,1206
223,virgietucker739,46
224,lucillemc,0
225,ZamaewI,0
226,Lonzkie03,31
227,bombusbohemicus,2
228,dleibo24,70
229,QQuueesstt,323
230,gatturidayo,132
231,navado10,9
232,systemowcy,0
233,aleixvalls,8223
234,meisshaily,0
235,rberkness,0
236,CRI_Turkish,0
237,souqalmaluae,0
238,xeonhp,58
239,The_CryptoBall,0
240,Nat_Jigsaw,13
241,ciabutas,29
242,abhinavgandhi04,0
243,jake16561250,53
244,ncarter1990,1
245,hdlbtc,0
246,KyleLaRose3,0
247,Koren2291,648
248,EntropySin,31
249,markfinelli,99
250,CoinSparkIO,0
251,dw030447,0
252,sti__l,0
253,Honda_Ridgeline,77
254,marmas1975,0
255,kingmharry1,0
256,rkglnzbskzxy904,361
257,adellahagedor13,31
258,AquaStoneThrone,0
259,VirtualMoneyBot,0
260,pirsquareff,8223
261,PumpGod2,1
262,AllcoinsBcn,2
263,socialstocksnow,0
264,OneHundToOneMil,349
265,CryptoPoseidon7,112
266,sumiati_novita,0
267,skeptical_agnos,1
268,coinlerinkrali,0
269,shawn0705,112
270,WardandSmith,0
271,satanicroller,0
272,CanadianWeedWiz,1
273,saulzaents,131
274,SA_Mian,0
275,Osadoloreddyson,0
276,DASHTicker,0
277,ipenarrocha,0
278,giantpt,1
279,Remi_Vladuceanu,3
280,Anataku247,1
281,membranesoundin,835
282,Bitcoin_forYou,0
283,FirstCryptoFan,130
284,ELEProbtc,70
285,charanutarelli4,405
286,Fiskantes,7
287,Swahilipages,0
288,hernzzzzzz,1
289,Wtradeveloper,144
290,azzaazeel,34
291,arbit_en,0
292,BitcoinToday_4U,0
293,coinmaverick,0
294,maniepatrick666,668
295,widmerov,3062
296,ugosetti,2
297,Crypto4thepeeps,516
298,matt_odell,0
299,f3rmart,349
300,iCashNetwork,3062
301,NewsCryptoCoins,0
302,falab_gogo,5
303,ssn1tweet,0
304,TRXdog,516
305,CryptoDJ,3062
306,Jim51031829,0
307,socialstartnow,0
308,NEUNGAEG,1
309,harmoniousboile,386
310,CryptoLEccose,70
311,Daagle23,0
312,mttsubu,4
313,sicknitter,9
314,lavras2,1
315,JYConsult,5
316,Primabhaskaraa,0
317,judith_m_privat,0
318,BitcoinCreative,0
319,WOLF3141,4
320,briLLaKriLLa,70
321,kasandrajacob17,405
322,Devarshi_21,5
323,chainguru_io,0
324,aus_bitcoin,0
325,blushingskinny,393
326,cCipolla88,0
327,glennmartin,0
328,2Coins1Cup,70
329,Pedroalvesramos,2
330,maldo_gino,21
331,ZesrealLife64of,0
332,removevengeful,532
333,MooningJav,1
334,FathyRifay,0
335,Crypt0Craft,0
336,JustACryptoBoy,474
337,Rheza_Samara,1
338,mvacha,70
339,Precio_Bitcoin,0
340,durangoforex,0
341,cryptofk,0
342,smithylife,77
343,paynej247,1
344,devhaldarco,0
345,mukinseijika,392
346,EHFoundation237,215
347,avoidtawny,532
348,GirlsOnCryptos,1
349,TURBOCRYPTOIO,1
350,CryptoCrest,53
351,b1rkh0ff,3062
352,papajohnsxxx,215
353,CryptoKirby,0
354,SimonsMenno,53
355,cavalcadegrapes,835
356,tienwong,0
357,Samuraiizz,30
358,TheCryptoWayOut,53
359,AlphaSwingTrade,0
360,TracyFirm,0
361,kardach_maciej,53
362,Golovan2,53
363,willricketts,0
364,topcointrader,53
365,_GarrettM,53
366,JayKelly2016,0
367,ecurrencyhodler,70
368,HarryDBean,70
369,MidaAcura,0
370,GoWinwia,98
371,KVESTMENT,70
372,medical_crypto,139
373,Jonathan_Spew,84
374,shiracorbalis21,31
375,Bitcoinlekazan,0
376,MixReslee,264
377,_tparm,3062
378,xtianprintup,0
379,CRYPTOBANGer,4
380,clerisibam1983,532
381,joshiujjaval7,21
382,sanjays0571,50
383,6jeffffej9,674
384,RandallGoulding,0
385,ZupplyICO,0
386,herminemumcuog5,273
387,cherfriedman281,404
388,HouseMcGowan,47
389,Cryptosesiones,566
390,SatoshiiAmar,224
391,SHAWLERY007,21
392,Cryptozcoin,70
393,coinspectator,1
394,HKDILHK,8223
395,Brianp226,9
396,teodorescugeo76,98
397,NEMTicker,0
398,MadDigiTsCrypto,72
399,bitcoinolog,53
400,klasik1982,120
401,CryptCurrents,0
402,cryptoDG,21
403,tarzanbigcity,70
404,NotesFromBTC,0
405,Bitcoins_alert,0
406,xwarizm,13
407,YesforBitcoin,70
408,DerinCag,0
409,eBargainsToday,0
410,igorpopov280387,156
411,theMAVN,0
412,Talhainfal,0
413,1001010z,0
414,RDSWEB,2
415,fu_investment,0
416,JamieHolmes1991,0
417,escortscrnet,12
418,SimonBergmans,0
419,neutehdiaprat11,532
420,ilhan_cicek,0
421,JonathanKBlain,53
422,TheVCfund,0
423,GeertDuysters,2
424,OwnTheFloat,0
425,bhowell123,70
426,SenpaionZacks,0
427,GodGreeny,70
428,coinok,0
429,Get_airdrop,0
430,mjsolimini,58
431,Skubadubab,16
432,TKlaarenbeek,53
433,BTCMoneyCenter,0
434,WolfOfBigBlocks,6
435,CryptoAirdrop6,1
436,ARPalakka,0
437,CryptoCurrent,0
438,cedcore_,0
439,CryptoCoinKong,0
440,_skiddi3,70
441,bitcuners,0
442,Idktho7,349
443,smtaxservice,2
444,CryptoMillion21,21
445,sabearstian,0
446,PB_and_J_LITE,70
447,Crypto_AtoZ,0
448,JanLavicka,70
449,arnebrans,70
450,akhilzs,0
451,_SmallCapNation,0
452,cryptobuffsaur,4
453,hanindyo,112
454,TheEDMteam,82
455,crackingtongue,386
456,socialprnews,0
457,sfimatej,21
458,KimJoshuaBarto1,323
459,fortruthandall,0
460,dnzari,215
461,coin_sight,0
462,BangkokCrypto,3062
463,Deeds2004,31
464,CyberWolf042,0
465,philpostro,0
466,iperluminale,70
467,OpenfieldLive,0
468,GeorgeFrichter,29
469,confessclumsy,392
470,CryptoBabe5,2
471,investjeje,0
472,Crypt0_Alerts,0
473,bischofchri,0
474,elpreciodelbtc,0
475,CryptoMR23,70
476,katelynnfant870,361
477,BitcoinAnalysiz,0
478,SnakeCoins,0
479,MaximeGalahad,0
480,BitcoinReview_,0
481,cryptogu_ru,0
482,niracolmi1988,386
483,KennaJames14,7
484,Fahrul_alung,153
485,kampung_kid,516
486,salvinasamson,2
487,LionOfNarnia,3062
488,evelinadinolfo1,668
489,theLASTapology,70
490,authoroccipital,532
491,FabTheFoxx,53
492,seapollo,1
493,MaghferatSaeed,3062
494,CyberDomain,28
495,JosephE63225104,196
496,AL77_blockchain,0
497,lucaskevyn,349
498,CryptoTass,21
499,willymak7,53
500,acekicker77,0
501,nickjay_22,0
502,SBellasWays,35
503,DreamBIGG_Now,1
504,SCACrowdfunding,0
505,global_chain,70
506,samuelphilario,14
507,McodyS1995,160
508,AulaniTheGoon,65
509,kevinmonserrat,0
510,GarethMoison,0
511,0thepaip,30
512,benaliA94,0
513,cryptobuckk,1
514,USBitcoinServcs,65
515,ovitrif,241
516,suicidalbanker,0
517,BTCQueens,9
518,_moreketing,0
519,CryptoChemistry,53
520,MGTKFX,0
521,uakamaka,70
522,TragicallyGreat,0
523,jeffreyprice196,31
524,FerasAlD,70
525,LerondaSmith12,0
526,Neil_Human,39
527,MondeDesCryptos,0
528,CaptainCrypto4,6
529,bullionbuy3r,39
530,eulahhayes1596,46
531,cryptominernews,0
532,CryptoJefferson,1
533,HodltheWhale,6
534,IRIS_CRM,0
535,sakamotometal,0
536,showmethelites,77
537,CamunoNet,0
538,jeu154,53
539,happenedTomorro,112
540,jam02141,58
541,simplykhizer,140
542,sobaliving,0
543,Blockchain_4U,0
544,elsoldepuebla1,1
545,CloudMiningRep,1
546,nddeshmukh16,2
547,crassquit,392
548,paulsnx2,3
549,ShanaPud,0
550,leannasmith2747,405
551,drex_jurassic,112
552,Bitcoin_Cloud,21
553,netdatabiz,0
554,eagawker,0
555,riosakamoto1,21
556,quantocusta1btc,0
557,VoluntaryMitch,0
558,palinoia,28
559,kathernvincent9,361
560,ElixiumCrypto,1
561,TradenGroup,93
562,ashraf80856547,549
563,MesmarizeFilms,0
564,SavageLadAF,53
565,0dGpqG3CgbA7TZC,132
566,226icelee,4
567,ADATicker,0
568,BitcoinWrld,2
569,bamitav,0
570,dgulaev,21
571,Nissan__Juke,77
572,MHill93699,25
573,Todd_Five,70
574,BLOCKNINETYNINE,0
575,jimshuez,0
576,socialirnews,0
577,BrunoHiller1,0
578,CryptoCracker,0
579,AnnaSoulMaster,0
580,MALTHAEL110,0
581,Maritza_HSlzr,1
582,kryptonewsde,0
583,KadirHascan,1014
584,JustinDane5,2
585,Coinexchangeco,3174
586,fiazahmedfaizi,0
587,mohamedlorfi,178
588,MojaveDan,0
589,Chris88Ovoxo,0
590,moamsec,0
591,Trader_Maxbit,0
592,TradeTemplum,0
593,helm_isabella,3062
594,K3Tz1,70
595,gaarangoa,0
596,CRYPTOVLADDY,0
597,Natgeo127Ctk,0
598,JohanJozZ,264
599,flybri247,70
600,white_mgtow,3062
601,DeexCoinTurk,0
602,jeremydomino,49
603,Lamborghini__US,77
604,GCC_BARQ,1014
605,coinology101,1
606,glozingbouquet,172
607,politicalHEDGE,0
608,c4chaos,0
609,tarengill2906,985
610,xames81,3062
611,EOSTicker,0
612,VictoriaInShape,3
613,vrnnfzwexmw1539,76
614,bitcoinmuc,112
615,StatXbt,0
616,Artemka_z,153
617,Jenifersy88,0
618,TAchne,538
619,UnconfirmedTxns,0
620,eng_sercan,0
621,OmarAttass,13
622,AAAA99461807,81
623,cavemanromance,0
624,mountainview999,0
625,dikson71,0
626,RobFiduciary,3062
627,GTNinnovation,0
628,ChampionsCrypto,0
629,8TCT8u5zG5D8yv2,0
630,prtweetsnow,0
631,thecryptorick,112
632,1monstermadness,70
633,samhyv,112
634,SonzogniJulien,4
635,dannykey,112
636,konstmisch,3062
637,gasdigital,0
638,jasoncolyvas,1
639,danishkj6256,32
640,silloh808,77
641,_cryptocanadian,1
642,ravibharos,0
643,bsalert,0
644,HaggsBoson,3062
645,Alexand19615290,64
646,ssn3media,0
647,BitcoinForums,0
648,sonyegy3021,0
649,jioannis17,58
650,traceyfranck713,648
651,stefanwillia2,13
652,MistaCrypto,53
653,vnc_refrigerate,70
654,seneibra666,0
655,warakasuwadai,0
656,ksk_edm_ssc,0
657,lostp1ps,516
658,Cryptopoussin,381
659,g3rard0s,11
660,QueenxRaven,4
661,BitNewsClick,0
662,HeshamRehman,2
663,nekomatsuranki,215
664,vio1965,0
665,DenVichi,74
666,verdellholt1937,648
667,richkidsxx,89
668,CallumMoodieme,3
669,FreelanceForBTC,0
670,Bitcoin_Stats,0
671,Cryptoc49514373,247
672,SergeyL80054504,251
673,CrytpoChrys,32
674,btc_report,0
675,bitcointonic,0
676,craigmack79,53
677,cjkruqrvr1388,42
678,CryptoKVN,0
679,SearchLock,0
680,TheEthereumBot,23
681,Noah_stn,0
682,sidetalks,0
683,AnonymTipster,91
684,leesunghohoho,21
685,1k_experiment,0
686,bernd_oostrum,112
687,OneginV,128
688,kidoshiishirai,2
689,blockchainbot,0
690,asiyeakcayli,0
691,penny_monney,21
692,bettieschulze91,31
693,sourlyrics,0
694,metalsilvae,0
695,r_henggeler,1
696,kevinsubba,0
697,marinbaldonier3,361
698,meriishibashi51,26
699,AngelDavitkov,0
700,digiveit,26
701,____anTONIo___,0
702,vidalny1,77
703,AntonioRelenn,77
704,SVENVDKNESEBECK,41
705,TheDailyExport,2
706,cryptocryzzi,0
707,AltcoinsBank,0
708,meCaptainMoon,93
709,invasucan1975,392
710,MaxRugged,0
711,MuchBitcoin,182
712,Piradoxlanieve,0
713,getswithit,53
714,Levon_krd,0
715,henrideparis,2
716,Hyundai__Equus,77
717,BTCticker,0
718,HikoXvi,0
719,david_das_neves,3
720,haileysamsonCC,0
721,WheengSC,21
722,s0fritoCoins,0
723,Crypto_Sims,5
724,inginfgil,78
725,bitcointexts,0
726,RssBit,0
727,Sat_forexer,0
728,EmyLeklap89,68
729,ELROYCE,3062
730,KindledAurora,0
731,50freedoms,1
732,TheCoinStack1,0
733,Ricoholics,29
734,SportsbookBTC,0
735,saint_crypto,85
736,arviat,0
737,maakifaslan,84
738,CryptoScrypt0,210
739,MartelMetellus,1
740,MilvioLuA,34
741,_jso_13,0
742,GOGgentle,77
743,reypoullard,29
744,bitcoin_service,0
745,CodingMonde,2
746,ReinoutDijkink,0
747,astrafine,0
748,Crypto_fans_,0
749,betbybitcoins,0
750,askmecrypto,21
751,henriettenayde8,985
752,placesbrands,0
753,bordonialberto,77
754,moneytrigz,139
755,UtarSystems,1
756,JKonsulting,189
757,exiledsurfer,111
758,PromoCrypto,215
759,DummiesBitcoin,0
760,Laurent23902842,112
761,billruby,0
762,LilianCBDuarte,1
763,bitcoins_future,0
764,jrltexas1,0
765,new_bitcoinnews,0
766,tpjbajofnak1897,405
767,Shailesh_b_k,43
768,LOTTOWIZARD7,1
769,AjAwesomecalls,0
0,fcukyaeh,1
1,HedgeBz,0
2,pirsquareff,8226
3,random_uehw2632,33
4,ali,89
5,Catheri84744251,3
6,beeldgrap1,2
7,nanaama110,4
8,nur01453,36
9,Dash_Fans_,0
10,forexm4,59
11,smartcityfeed,1
12,XVGWhaleReal,7
13,cashlist,0
14,gustavoarea21,86
15,shopseasonal,0
16,katatanikoroshi,217
17,pietosi_marco,4
18,V3Strategy,2
19,A_Bitcoiner,142
20,drillsuccession,391
21,TheCarpForum,0
22,bernardo_santos,86
23,BitcoinCashFans,84
24,getitoutnow,0
25,JustAGuyJeff,50
26,socialstartnews,0
27,Dmiag2008,2
28,imagehammered,1206
29,GoldBuffalo2,0
30,DecadeLaterProd,0
31,Crypto_Fried,0
32,AllcoinsBcn,1
33,Afl46478131,0
34,uasociolog,0
35,SouradeepSaha1,114
36,wittychris2,1
37,YounesSonm,89
38,mattschwartz77,50
39,BearishWhale,3072
40,rene_angel,0
41,Zcash_Fans,0
42,Bitcoin_Post,0
43,JuanLlanos,0
44,VirtualMoneyBot,0
45,BinanceL,758
46,giantpt,7
47,bamitav,1
48,guidogiaume,0
49,criptoolga,1
50,Neil_Human,40
51,shop_around,157
52,tarik_algan,84
53,sti1lmatic,0
54,richslatersays,0
55,MondeDesCryptos,0
56,ceredigionman,6
57,caxempax,343
58,AICoinZ,119
59,ksaswprq2045,29
60,agundelack,89
61,tron2060,0
62,leonordoerr566,409
63,Darwin37933736,1
64,rosariobibring2,548
65,joansegura,119
66,BitxoxoIndia,2
67,turkiy20,8226
68,Slovenia_No1,39
69,muratcanbas666,36
70,eulahhayes1596,49
71,airdrop_crypt,3
72,Castellow1969,409
73,hodlnow,99
74,Nasca_three,2
75,Soc_Currency,0
76,DomagojPetrovic,89
77,TukoL_,0
78,Terrydtate,0
79,BithercashC,1
80,Inziders,3
81,ryanchanryan,0
82,RMBrenna,0
83,Faro844,1
84,BastienNV,1
85,Ozzmak,0
86,CryptoMcBitcoin,30
87,btc_update,0
88,ALICIA__BARRETT,4
89,owojavyShi,396
90,AlbertoBacoBW,24
91,asderara,1567
92,levi_reuss,0
93,schwarzweisz,0
94,CryptoNewbieee,0
95,vtrujillo754,0
96,turbostocks,0
97,UPSPWNAGE,59
98,SmartcoinFr,0
99,Btcmaster_4U,0
100,CanadianWeedWiz,1
101,IRIS_CRM,0
102,Heidabyr,3072
103,Osaidbk,0
104,reaganfrost459,85
105,TheCryptoPope,61
106,richkidsxx,89
107,PBB_Team_Global,39
108,RisingDarkstar,1
109,mo9amda,551
110,hren2,89
111,crypt0n0m1c0n,14
112,NevilleMashego,89
113,imsoulrebel,119
114,efso_twitler,36
115,CryptoActu,0
116,fanfare100,0
117,FmFrancoise,3072
118,Coin_Fool,0
119,Hanza_24_7_365,0
120,hodlforever,7
121,drainpanoramic,837
122,jmar42,0
123,cryptocurrenc_y,0
124,ranakamoto,41
125,GamerGenieGG,59
126,evankirstel,6
127,Nardeus1980,0
128,hendogbrown,0
129,TXUUQ,142
130,startupcrunch,0
131,PDinHD,177
132,SJCrypto,3
133,ssn4marketing,0
134,CWaetke,9
135,Michael35604569,11
136,saurav260115,89
137,raphyt,70
138,Biseboy92,7
139,CointraderGuy,61
140,BitcoinkursLive,0
141,socmediaimpact,0
142,blanketcolgate,217
143,eStream_Studios,0
144,Blawksy,1
145,clashicly,89
146,Crypt0Accumul8,142
147,BitcoinMarket2,0
148,tweet__avcisi,36
149,KelboVaz,33
150,BitcoinBolt,1
151,EZ_M0NiES,2
152,NEXTCOIN_News,1
153,antoine_servin,4
154,bitbotvestor,0
155,fparvaneh,0
156,tipipopa1983,3268
157,LilllyyyK,0
158,arvnvllrl,30
159,luxoneumglobal,0
160,NoemCanseco1,1
161,trimmingheineke,396
162,yaooat,0
163,socialnewstweet,0
164,EawfBob,72
165,Anataku247,1
166,susanpieters650,56
167,Swahilipages,0
168,herrknilch,8226
169,DerinCag,0
170,ansonurpants,0
171,TheMarketStorm,8
172,BitcoinNetworks,0
173,DipuraiRai,78
174,Chefs_Entrepris,0
175,socmrktng,0
176,JZO001,59
177,monagill837,49
178,Elvis143Gamer,1567
179,icolancer,0
180,neomaaissi1746,409
181,ytrnxixwatehe11,274
182,IIOPTEP1972,9
183,rosealtavilla51,122
184,coinarchive,2
185,sssssupercereal,119
186,DanielCryptoCT,0
187,sumerain,119
188,MeilleurGeek,1
189,anynfo,0
190,attilafx,0
191,bittypy,0
192,CryptosSuisse,0
193,noreenmurphy277,95
194,yukolatham,0
195,Macpherson_DA,0
196,narimatsushinn1,0
197,Dr_Revelator,119
198,WorldForCrypto,0
199,kushiitd,33
200,brandeager1,0
201,WallStForsale,2
202,empreendedormmn,0
203,BitcoinUpdated,0
204,mrtclkmurat,36
205,shareWithHana,0
206,strangequarks,674
207,alterationhinge,1206
208,virgietucker739,49
209,ZamaewI,0
210,cathleenfrede13,56
211,Purplesugar8,0
212,SightseerNW,89
213,QQuueesstt,323
214,gatturidayo,132
215,fu_investment,0
216,v2_lawblog,1
217,aleixvalls,8226
218,Bitfinex2,1
219,rberkness,0
220,CRI_Turkish,36
221,xeonhp,58
222,ScriptureBoard,119
223,frederikro,114
224,KyleLaRose3,0
225,markfinelli,122
226,faisalm_98,59
227,mukinbaihan,1
228,dw030447,0
229,crypto_blazer,518
230,sti__l,0
231,marmas1975,0
232,SShillverman,163
233,sydneybalfour61,409
234,akibaviwer,0
235,GOGgentle,76
236,sedatanc1,36
237,CryptoCoinsZ,30
238,SharoUser,8226
239,camer0nmartin,0
240,FabTheFoxx,59
241,LOTTOWIZARD7,1
242,PumpGod2,1
243,VoluntaryMitch,0
244,Crypto_Alts_btc,30
245,socialstocksnow,0
246,2InformYou,59
247,OneHundToOneMil,351
248,tinataste,89
249,radar_crypto,0
250,AliAlibrown440,33
251,sumiati_novita,0
252,smelekinn,36
253,satanicroller,0
254,Schnopzz,14
255,jeson_investor,66
256,saulzaents,131
257,icoinproedrigo,0
258,andy_svk93,3072
259,CRYPTOBANGer,14
260,iamcharogurl,1
261,Remi_Vladuceanu,1
262,xbtmoney,0
263,Bitcoin_forYou,0
264,0dGpqG3CgbA7TZC,132
265,justreach2ram,0
266,Fiskantes,7
267,HodlJen,0
268,joko4ko2,0
269,DonaldGable,0
270,arbit_en,0
271,panagalacc,89
272,coinmaverick,0
273,pelttimer,837
274,CryptoDJ,3072
275,widmerov,3072
276,G1oci,30
277,coinok,0
278,siraj2020,6
279,matt_odell,1
280,AchieveThis,0
281,NewsCryptoCoins,0
282,OlgaFeldmeier,2
283,ssn1tweet,0
284,ReimannWerner,1
285,maniepatrick666,670
286,socialstartnow,0
287,mttsubu,6
288,sicknitter,9
289,kakooyoo,32
290,xhiroz,14
291,GoldCoinJar,0
292,RichFairgrieve,3
293,sefgrcn,0
294,BitcoinCreative,0
295,WOLF3141,14
296,UncleZachh,89
297,digiveit,27
298,RahulAug27,0
299,Mcahit4444,36
300,Kralie53372005,36
301,skysurf72,30
302,maldo_gino,30
303,ZesrealLife64of,0
304,vidalny1,78
305,MooningJav,1
306,Crypt0Craft,1
307,JustACryptoBoy,474
308,KTopunu,36
309,btgclaim,0
310,devhaldarco,0
311,mukinseijika,396
312,avoidtawny,534
313,Emc2CoinHQ,4
314,rockywomb,396
315,JoJyaKu_YoBun,14
316,LesleyRHafalia,3
317,amalmerzouk,0
318,papajohnsxxx,77
319,indusblast,391
320,KampusSelcuk,36
321,KOMANDORZAR,517
322,SimonsMenno,54
323,CryptoMolly,0
324,KriptoBernhard,266
325,whippeddesire,534
326,Sir_Awesome117,1427
327,AlphaSwingTrade,0
328,TracyFirm,1
329,__OLIVEIRA__,1
330,jeusGeek,89
331,Idktho7,351
332,JayKelly2016,1
333,News4Bitcoin,0
334,ETNCryptoKnight,11
335,crypt0dinero,89
336,KVESTMENT,89
337,baltcoin,3072
338,BitcoinCryptos,0
339,TheDLavrov,2
340,medical_crypto,142
341,Elvismenjivar2,216
342,Bitcoinlekazan,0
343,Nickea4,7
344,JonathanKBlain,59
345,clerisibam1983,534
346,Nikita_neos,0
347,joshiujjaval7,30
348,RandallGoulding,0
349,herminemumcuog5,548
350,cherfriedman281,409
351,HouseMcGowan,48
352,Decimal_numbers,101
353,crypto_nak,163
354,elliott_lugo,153
355,noellesanchez23,33
356,nighttrader01,0
357,Donkels4,2
358,anastasiyaivac4,0
359,SatoshiiAmar,233
360,SHAWLERY007,33
361,TonysCorner_,142
362,Ronald_Le_,34
363,coinspectator,2
364,dffa_g,31
365,GaussFinancial,0
366,CasinoSlotFree,0
367,bitcoinolog,59
368,klasik1982,120
369,Michoacano,89
370,crypto_elliott,56
371,ChampagneBossRo,0
372,Winkdexer,0
373,tarzanbigcity,89
374,facesbyvaish,0
375,MantasAbra,3
376,xwarizm,13
377,YesforBitcoin,89
378,marfi_ebooks,1
379,UpgradeMySeatNL,130
380,eBargainsToday,0
381,igorpopov280387,157
382,1xbit_pt,0
383,theMAVN,0
384,Talhainfal,0
385,mrh137,89
386,RDSWEB,2
387,BitcoinLite2,89
388,marshawright,4
389,JamieHolmes1991,0
390,escortscrnet,19
391,SimonBergmans,0
392,dreamsarun,0
393,guillembaches,0
394,GeertDuysters,3
395,TheEDMteam,82
396,CryptoCrcyChick,0
397,SenpaionZacks,0
398,MojaveDan,0
399,SaferHash,1
400,reklamcibey,36
401,Skubadubab,16
402,unclesatoshi,34
403,TKlaarenbeek,59
404,realistictatva,0
405,kampung_kid,518
406,ARPalakka,0
407,KryptowaehrungC,0
408,CryptoCurrent,0
409,cedcore_,0
410,CryptoCoinKong,0
411,MKA__TR,36
412,coinschedule,0
413,PapisAngelo,89
414,tsaryovm1,0
415,Crypticomo,14
416,sabearstian,0
417,PB_and_J_LITE,89
418,arnebrans,89
419,akhilzs,0
420,_SmallCapNation,0
421,cryptobuffsaur,14
422,OwnTheFloat,0
423,Sat_forexer,0
424,crackingtongue,391
425,socialprnews,0
426,sfimatej,30
427,KimJoshuaBarto1,323
428,MatijaHribernik,3072
429,dnzari,217
430,coin_sight,0
431,Mine40kmaz,36
432,CyberWolf042,0
433,philpostro,0
434,groudas,3072
435,GeorgeFrichter,33
436,TheSafeWeb,101
437,confessclumsy,396
438,BreadWinnerKuka,241
439,GbrilliantQ,4
440,bischofchri,0
441,TweetGoldCrypto,88
442,mykralmykral,691
443,CryptoMR23,89
444,katelynnfant870,362
445,Djdjjdjcjjd1,36
446,btc_joe,33
447,BitcoinAnalysiz,0
448,SnakeCoins,0
449,DmrkrJxjdjdjr,36
450,MaximeGalahad,0
451,cryptogu_ru,0
452,KennaJames14,7
453,rollcakes342,1
454,blurbs123,0
455,salvinasamson,2
456,LionOfNarnia,3072
457,helm_isabella,3072
458,WolfOfCryptoStr,89
459,theLASTapology,89
460,authoroccipital,534
461,Kankiekanker1,66
462,seapollo,2
463,CyberDomain,8
464,nur0014531,36
465,gralimleema1982,396
466,jyotianand01,9
467,lucaskevyn,351
468,willymak7,54
469,Fernandosucre44,36
470,CryptoPoz,0
471,_skiddi3,89
472,bitcoinmatom,0
473,SCACrowdfunding,0
474,global_chain,89
475,samuelphilario,14
476,AulaniTheGoon,65
477,CryptoEraOff,0
478,GarethMoison,0
479,WoodgtaScotdis,396
480,0thepaip,32
481,abdou_yakuza,0
482,zfpidrissg857,85
483,purecommit,391
484,shenolm,41
485,USBitcoinServcs,65
486,ovitrif,241
487,suicidalbanker,0
488,sedatkoyuncu343,36
489,_moreketing,0
490,NoticierosGREM,0
491,uakamaka,89
492,TragicallyGreat,0
493,TheXVGSpaceBear,2
494,nighgansabar191,837
495,OfficialVenkat,0
496,LerondaSmith12,0
497,c4chaos,0
498,Watoiy,30
499,bigmartyMore,0
500,CryptoBoye,42
501,killauranotbill,86
502,qnosuke1733,0
503,cryptominernews,0
504,Bitcoinrider4,80
505,CoinbaseUKss,1
506,alt_ccy,0
507,CryptoBolos,518
508,CamunoNet,0
509,nekomatsuranki,217
510,Blockchain_4U,0
511,luc1dhouse,1
512,ucbeg_12,36
513,elsoldepuebla1,1
514,CloudMiningRep,1
515,nddeshmukh16,3
516,Bulletproof3030,30
517,ShanaPud,0
518,5boringgamesLP,0
519,paynej247,1
520,SteemitBlogs,24
521,Tommy_Investor,14
522,netdatabiz,0
523,dasalter,2
524,topcointrader,54
525,4azMedic,3
526,b1rkh0ff,3072
527,CryptoRavMan,0
528,kathernvincent9,362
529,XVG_HypeMan,26
530,ElixiumCrypto,0
531,PayDiamondENG,0
532,CryptoPoseidon7,114
533,TradenGroup,93
534,ashraf80856547,551
535,MesmarizeFilms,0
536,SavageLadAF,59
537,axper666,2
538,226icelee,4
539,BitcoinWrld,0
540,CryptoKirby,1
541,Adis4Truth,386
542,EnkoLena,0
543,Jenifersy88,0
544,jimshuez,0
545,socialirnews,0
546,Maritza_HSlzr,1
547,Marketinizado,0
548,capricorngoosna,391
549,kryptonewsde,0
550,KadirHascan,1016
551,Coinexchangeco,119
552,mohamedlorfi,66
553,CureCoinProject,0
554,moamsec,0
555,TradeTemplum,0
556,evelinadinolfo1,670
557,K3Tz1,89
558,GoWinwia,99
559,gaarangoa,0
560,OmarAttass,13
561,Natgeo127Ctk,0
562,JohanJozZ,266
563,hypothesisblink,534
564,HelenaDemuynck,0
565,astrafine,0
566,jeremydomino,50
567,GCC_BARQ,1016
568,coinology101,1
569,mixfuckedup,86
570,LukoseKuriakose,266
571,oleg_minski,0
572,nikoniko_sports,0
573,VictoriaInShape,3
574,trvtrvrv,36
575,bitcoinmuc,119
576,StatXbt,0
577,MoonOverlord,2
578,TAchne,538
579,UnconfirmedTxns,0
580,DokoorDeeyos,0
581,AAAA99461807,81
582,doc_in_making,0
583,mountainview999,0
584,Aeternam_31337,0
585,healthhealer4,119
586,RobFiduciary,3072
587,ChampionsCrypto,0
588,8TCT8u5zG5D8yv2,0
589,prtweetsnow,0
590,thecryptorick,119
591,axymak,2
592,Fahrizthiago,3051
593,SonzogniJulien,14
594,konstmisch,3072
595,gasdigital,1
596,jasoncolyvas,1
597,silloh808,192
598,werwerw61096980,36
599,_cryptocanadian,1
600,IzlemedenGecme,36
601,ravibharos,0
602,HaggsBoson,3072
603,ikoxyHinz,395
604,Alexand19615290,66
605,ssn3media,0
606,BitcoinForums,0
607,systemowcy,0
608,hackerstorm,0
609,_jso_13,0
610,DoraTrinadora,1
611,stefanwillia2,13
612,MistaCrypto,54
613,AL77_blockchain,0
614,wesleykets1,119
615,vnc_refrigerate,89
616,ksk_edm_ssc,0
617,lostp1ps,518
618,Cryptopoussin,14
619,eztechwin,192
620,gokhansen78,0
621,dohigley,0
622,melda_saray,36
623,HeshamRehman,2
624,omathornton1120,409
625,Bitcoinsaj,89
626,frankmottek,1
627,teknochain,86
628,DforDeva,0
629,CallumMoodieme,3
630,FreelanceForBTC,0
631,sherrilcallewa5,95
632,CrytpoChrys,34
633,btc_report,0
634,bitcointonic,0
635,cryptobluwhale,7
636,CryptoKVN,0
637,SBellasWays,35
638,exiledsurfer,119
639,TheEthereumBot,23
640,nlbitcoinreport,0
641,sidetalks,0
642,leesunghohoho,30
643,Cemaluyuklu9,36
644,CryptoChikun,89
645,CoinSparkIO,2
646,FakeNewsGlobal1,33
647,blockchainbot,0
648,penny_monney,30
649,sourlyrics,0
650,metalsilvae,0
651,dAnconiaMining,0
652,r_henggeler,1
653,kevinsubba,0
654,marinbaldonier3,362
655,meriishibashi51,29
656,Devarshi_21,5
657,____anTONIo___,0
658,removevengeful,534
659,rdh_333,14
660,cryptocryzzi,0
661,AltcoinsBank,0
662,meCaptainMoon,93
663,bitcoins_future,0
664,MaxRugged,0
665,MuchBitcoin,243
666,getswithit,53
667,Levon_krd,0
668,henrideparis,89
669,BTCticker,0
670,haileysamsonCC,0
671,kostacity,0
672,accolombia_com,2
673,WheengSC,30
674,Denalijones1,19
675,Crypto_Sims,5
676,kingmharry1,0
677,cclerici,0
678,bitcointexts,0
679,Msteltzer,3
680,EBarabanov,124
681,Cointelegraph,1
682,Ke_BitCoin,61
683,TheCoinStack1,0
684,Ricoholics,33
685,SportsbookBTC,0
686,arviat,0
687,maakifaslan,86
688,MartelMetellus,2
689,adamsmith191,89
690,MilvioLuA,36
691,mathewalek,0
692,Webscape2,4
693,reypoullard,33
694,CodingMonde,2
695,ReinoutDijkink,0
696,LushInterpolate,0
697,betbybitcoins,0
698,ErgunKop,34
699,popularjail,534
700,bordonialberto,124
701,StefanoBargigli,11
702,moneytrigz,142
703,JKonsulting,190
704,DenyFibber,0
705,Doovla3,29
706,LilianCBDuarte,1
707,FmMoel,2
708,venomasmbs,89
709,cryptobenben,27
710,zigzagrezzin,2
711,new_bitcoinnews,0
712,tpjbajofnak1897,409
713,simpletechman,0
714,xtianprintup,0
715,Nubrand,4
0,FeesBitcoin,0
1,fcukyaeh,1
2,SharoUser,8230
3,random_uehw2632,41
4,ali,131
5,Catheri84744251,3
6,DHAXPoxIgu7kg4P,0
7,beeldgrap1,4
8,nanaama110,3
9,nur01453,36
10,maryloutallag19,29
11,DavidHardacre7,113
12,MartinCiupa,121
13,camer0nmartin,0
14,gustavoarea21,93
15,shitene0512,2
16,LetishaWunder5,51
17,lrdpdmfjjd2076,19
18,pietosi_marco,4
19,Teebass001,39
20,IconoclaZt,131
21,vintagemtg,0
22,Kankiekanker1,67
23,bernardo_santos,93
24,coin_chart,0
25,qoinbook,0
26,getitoutnow,0
27,JustAGuyJeff,50
28,socialstartnews,0
29,Dmiag2008,3
30,nighgansabar191,837
31,powermoyles,538
32,GoldBuffalo2,0
33,DecadeLaterProd,0
34,CryptoMoneyLife,0
35,AllcoinsBcn,1
36,Afl46478131,0
37,StartUpsPal,131
38,JenniferAlsop7,113
39,efembis,127
40,maethum89,96
41,basiliaweikert3,412
42,btcbreakingnews,0
43,BearishWhale,3083
44,2InformYou,65
45,Bitcoin_Post,0
46,NoxiousPluK,0
47,SUBTicker,0
48,VirtualMoneyBot,0
49,HODL_INC,1
50,harpreet756,2
51,BinanceL,763
52,cleftparka,221
53,Elvis143Gamer,1570
54,onebilliongirls,0
55,criptoolga,1
56,bigmartyMore,0
57,ismi_tekno,0
58,sti1lmatic,0
59,richslatersays,0
60,TXUUQ,144
61,hemant_bisht,3
62,holon,0
63,caxempax,343
64,AICoinZ,124
65,w1336112,39
66,tron2060,0
67,BitcoinCryptos,0
68,Darwin37933736,1
69,hakanturkmen71,28
70,BtcPulse,0
71,joansegura,124
72,NEMTicker,0
73,Frosted_Plan3t,0
74,melda_saray,36
75,killauranotbill,93
76,RealCryptoGuide,0
77,Castellow1969,412
78,shopseasonal,0
79,hodlnow,101
80,Nasca_three,2
81,BitcoinUKs,2
82,PurePC_,0
83,RMBrenna,0
84,Faro844,1
85,norman_metzner,0
86,daily_pumping,0
87,owojavyShi,397
88,Ozzmak,0
89,btc_update,0
90,iMe1980,2
91,Bitcoinrider4,80
92,BitcoinNews_4U,0
93,raymondyonathan,0
94,IceyHaut,0
95,asderara,1570
96,levi_reuss,0
97,CryptoNewbieee,0
98,tarik_algan,84
99,tweetsonar2017,127
100,vtrujillo754,0
101,turbostocks,0
102,UPSPWNAGE,65
103,AudreyPullman5,113
104,tacotacoyaro,0
105,teknochain,86
106,7eIal,414
107,TomOneBillion,127
108,israelagile,0
109,baloo11199,16
110,leksus20096739,109
111,ttibensky,69
112,ParolaAnalytics,4
113,BelshawTax,0
114,reaganfrost459,94
115,TheCryptoPope,63
116,DforDeva,0
117,kat_crypto,1
118,wanker078,130
119,ErgunKop,34
120,Biseboy92,10
121,crypt0n0m1c0n,16
122,veronabankoff11,365
123,SochiProperty,101
124,CointraderGuy,63
125,LossRemedy,0
126,dvder01,30
127,efso_twitler,36
128,aiken_ouida,412
129,fanfare100,0
130,Ax1mining,0
131,CoinManiak,16
132,GabrielBrangers,1
133,Cryptomancer23,4
134,Hanza_24_7_365,0
135,CindyDiarte,15
136,hodlforever,10
137,BitcoinCashFans,2
138,cryptocurrenc_y,0
139,ranakamoto,41
140,NowBitcoinPrice,0
141,evankirstel,6
142,hendogbrown,0
143,m4938590110,0
144,Team_Dub,41
145,StevenDavidso3,113
146,startupcrunch,0
147,socmediaimpact,0
148,ShaneMu01210868,0
149,cryptotatlises,0
150,CWaetke,9
151,Michael35604569,11
152,saurav260115,131
153,mischa_demidov,163
154,marshawright,3
155,Crypto_Alts_btc,39
156,Teplaco_Italy,0
157,MrTheoLivos,3083
158,TheChEbner,0
159,PDinHD,180
160,ZenTMSupporters,1
161,blockchainhelpr,0
162,Blawksy,1
163,eStream_Studios,0
164,LushInterpolate,0
165,Crypt0Accumul8,144
166,Crypto2U,0
167,tweet__avcisi,36
168,jeusGeek,131
169,BitcoinNooz,0
170,BitcoinBolt,1
171,btcjiarr,65
172,WorldForCrypto,0
173,MantasAbra,3
174,fparvaneh,0
175,CobraCommanderA,41
176,LilllyyyK,0
177,bitcoinpoet,0
178,arvnvllrl,39
179,CryptoNewswire,0
180,ManjeetRege,0
181,Hunting_Bitcoin,0
182,cryptobluwhale,10
183,CriptovaluteITA,521
184,socialnewstweet,0
185,EawfBob,127
186,cryptolorean,2
187,77Virgil,0
188,hotsnow9,129
189,herrknilch,8230
190,ansonurpants,0
191,seskvocovicqm,0
192,BitcoinNetworks,0
193,coins_cat,0
194,socmrktng,0
195,JustView8,521
196,BTCdominance,0
197,LunafiHQ,0
198,The_BitHound,0
199,please01417095,0
200,neomaaissi1746,412
201,TheSohoLoft,0
202,ytrnxixwatehe11,275
203,AlchemyByte,0
204,OlgaFeldmeier,2
205,rosealtavilla51,125
206,ricardokozak,0
207,DanielCryptoCT,0
208,MeilleurGeek,0
209,cryptochan,0
210,anynfo,0
211,CCEDKOpenLedger,1
212,attilafx,0
213,CryptoSartre,127
214,noreenmurphy277,98
215,Macpherson_DA,0
216,binary_option28,0
217,btcreports,0
218,ChristianDubay,13
219,intelenktualka,0
220,antoine_servin,4
221,bitbotvestor,0
222,BinaryOptionEU,5
223,brandeager1,0
224,FGordillo,0
225,BitcoinUpdated,0
226,dorisgoon1380,412
227,mrltnfqy326,34
228,Sumonrud1,323
229,shareWithHana,0
230,bitcoininsides,0
231,BitcoinDaily_,0
232,SHAWLERY007,4
233,cryptopricebot,0
234,Purplesugar8,0
235,hash_puppies,0
236,JZO001,65
237,t_Greene5,4
238,sissicao,0
239,SightseerNW,131
240,Oku986,0
241,v2_lawblog,1
242,SteemitBlogs,24
243,Bitfinex2,1
244,YoginiMaureen,24
245,milkydev,127
246,bokieie,2
247,ScriptureBoard,124
248,btgclaim,0
249,CryptoBoomNews,4
250,frederikro,119
251,KyleLaRose3,0
252,cookneng,0
253,faisalm_98,65
254,mukinbaihan,1
255,dw030447,0
256,crypto_blazer,521
257,imran9700,119
258,SShillverman,164
259,sydneybalfour61,412
260,DavidDrakeVC,0
261,RafaPassuello,93
262,Drock7777,166
263,criptoguia,0
264,CryptoPrices_,0
265,RddServant,21
266,sedatanc1,36
267,wowfies,127
268,SSB_TWT,4
269,forexm4,65
270,VictorSmith67,113
271,veneco,131
272,NotSatoshi_,0
273,IBMBlockchain,1
274,rene_angel,0
275,tinataste,131
276,radar_crypto,0
277,AliAlibrown440,34
278,Jeroen87Jeroen,4
279,maumausdaughter,8230
280,coinlerinkrali,0
281,smelekinn,36
282,Schnopzz,16
283,jeson_investor,67
284,SaferHash,1
285,bkunzi01,3082
286,Zulubus,706
287,Coin_Fool,0
288,DASHTicker,0
289,andy_svk93,3083
290,asens_inc,0
291,zslf10,10
292,Remi_Vladuceanu,2
293,justreach2ram,0
294,knowbitcoin,128
295,HodlJen,0
296,JessikaSabat,0
297,dimdimich6,539
298,joko4ko2,0
299,DonaldGable,0
300,arbit_en,0
301,panagalacc,131
302,pelttimer,837
303,MoneyHealthFina,0
304,G1oci,39
305,coinok,0
306,ViktorKomarov5,157
307,siraj2020,6
308,BitcoinNewsPage,0
309,SandraCrypto,0
310,ceredigionman,3
311,NewsCryptoCoins,0
312,mcwinvestments,127
313,Xrisovalandis31,10
314,ssn1tweet,0
315,ReimannWerner,1
316,hercosyjo1971,0
317,vemurikumar4444,0
318,Weatherman8870,39
319,Cryptobound,0
320,KatharineFrasc5,34
321,Deksigns,0
322,kakooyoo,32
323,wireevidence,538
324,GoldCoinJar,0
325,RichFairgrieve,3
326,SamKelly63,113
327,DipuraiRai,80
328,B_Aggio,0
329,annefieldonline,0
330,1954andy,4
331,FABLmedia,0
332,RahulAug27,0
333,Mcahit4444,36
334,BitcoinPrijs,0
335,Kralie53372005,36
336,BitcoinForums,0
337,skysurf72,39
338,prof_afcunha,6
339,Bitcoin_AtoZ,0
340,M1Jeep,3209
341,KTopunu,36
342,shahidul,0
343,KryptowaehrungC,0
344,Vahatsy71,2
345,JacobGrant31,113
346,Emc2CoinHQ,5
347,TokenTalkDD,0
348,NabilBouzerna,3
349,BartenderThom,65
350,CryptoCrest,41
351,JoJyaKu_YoBun,16
352,icolancer,0
353,im_adil_1,1
354,LesleyRHafalia,3
355,amalmerzouk,3
356,papajohnsxxx,77
357,cryptcoin_trade,0
358,KampusSelcuk,36
359,melonieghizzon7,98
360,ulwa,127
361,jonathanwilson,3083
362,CryptoMolly,0
363,Slatevapor,127
364,whippeddesire,538
365,sefgrcn,0
366,IIOPTEP1972,9
367,mmtt74914,99
368,ViniciusLibero,0
369,Sir_Awesome117,1727
370,DeausAsber,127
371,WolfofSomething,1
372,__OLIVEIRA__,1
373,venomasmbs,131
374,PrabhaGana,0
375,ETNCryptoKnight,12
376,marveldisturbed,394
377,UncleZachh,131
378,lelahsibiski499,992
379,ohiobitcoin,0
380,baltcoin,3083
381,TheDLavrov,3
382,ThomasAgethen,31
383,Elvismenjivar2,216
384,onebitinfo,0
385,Crypticomo,16
386,eBusinesssWorld,0
387,Nickea4,10
388,straplancome,397
389,raverinserepeat,144
390,Levon_krd,0
391,RandallGoulding,0
392,_TradeBitcoin,0
393,herminemumcuog5,275
394,Decimal_numbers,101
395,crypto_nak,164
396,elliott_lugo,153
397,noellesanchez23,34
398,nighttrader01,0
399,Donkels4,1
400,ssaurel,0
401,anastasiyaivac4,0
402,ahmadalbrikan,127
403,pauljauregui,1
404,TonysCorner_,144
405,rich_stranger,96
406,Ronald_Le_,34
407,coinspectator,0
408,dffa_g,31
409,GaussFinancial,0
410,JArie0117,359
411,CasinoSlotFree,0
412,Michoacano,131
413,bittypy,0
414,ChampagneBossRo,2
415,Winkdexer,0
416,rushrushrush99,0
417,facesbyvaish,33
418,TweetWineBOT,1
419,premefeen97,164
420,iraru72,0
421,marfi_ebooks,1
422,Fintechgrowth,0
423,UpgradeMySeatNL,130
424,eBargainsToday,0
425,1xbit_pt,0
426,hanquoc69,4
427,mrh137,131
428,BitcoinLite2,131
429,Joinusfuture,1570
430,escortscrnet,18
431,BellaRoberts181,113
432,dreamsarun,0
433,SSI_TeamUS,0
434,guillembaches,0
435,greatcastle,119
436,CryptoCrcyChick,0
437,roviator,106
438,reklamcibey,36
439,Snack_Pack20,0
440,Vorstand1,3083
441,ThCahyadi,39
442,unclesatoshi,34
443,RaulTSoberon,0
444,caruth_chloe,365
445,Pedroalvesramos,28
446,fifenfury,127
447,coinstats,0
448,S_Galimberti,0
449,CryptoCurrent,0
450,cryptodisscus,156
451,MKA__TR,36
452,coinschedule,0
453,cclerici,0
454,PapisAngelo,131
455,tsaryovm1,0
456,rafaelextra,131
457,hedgefund_ghost,2
458,japokzzz,10
459,Maximus_4444,166
460,Msteltzer,3
461,yaelruth2864,19
462,BitcoinClouds,0
463,MatijaHribernik,3083
464,coin_sight,1
465,HealthyWormCoin,5
466,o_Synthetic_o,12
467,LitecoinFork,0
468,Mine40kmaz,36
469,Natgeo127Ctk,0
470,TheSafeWeb,101
471,bestUStraders,0
472,ponslamp,39
473,Markoola121,119
474,GbrilliantQ,4
475,koshegor,124
476,killagroove,26
477,Djdjjdjcjjd1,36
478,btc_joe,185
479,CryptoQuant,124
480,albertpuign,0
481,DmrkrJxjdjdjr,36
482,btctutorials,0
483,fahbs1,0
484,blurbs123,0
485,vinnybrandt,93
486,WolfOfCryptoStr,131
487,Ke_BitCoin,63
488,eyyub78,0
489,IdeaXplorer,9
490,Bitcoin_Info_4U,0
491,Remo_HD,63
492,nerflily,93
493,CyberDomain,1
494,satoshifinder,0
495,nur0014531,36
496,mrtclkmurat,36
497,gralimleema1982,397
498,jyotianand01,9
499,oyefurqan,0
500,MeddyBoulom,0
501,BreadWinnerKuka,241
502,CryptoPoz,0
503,PaulRees45,113
504,bitcoinmatom,0
505,crypto_linda,133
506,Cointempo,0
507,CryptoEraOff,0
508,WoodgtaScotdis,397
509,BitcoinFRA,0
510,abdou_yakuza,0
511,zfpidrissg857,94
512,djnotleks,4
513,shenolm,41
514,yaooat,0
515,suicidalbanker,0
516,UpperCervical,129
517,VertiAI,28
518,VinnyLoveCrypto,0
519,startup_italia,1
520,Lawlez_,0
521,TheXVGSpaceBear,4
522,RedPillTrading,0
523,CoinDragonn,0
524,OfficialVenkat,0
525,Rinafid,25
526,Watoiy,39
527,Neil_Human,33
528,rockywomb,397
529,mykralmykral,873
530,cverbor,2
531,qnosuke1733,0
532,cesaraovivo,93
533,cryptominernews,0
534,DokoorDeeyos,0
535,potterly_head,8230
536,oleg_minski,0
537,CoinbaseUKss,1
538,alt_ccy,0
539,MartelMetellus,1
540,whaleclubco,0
541,CryptoBolos,521
542,AnveshSai13,0
543,icanhazyoursoul,43
544,whalepush,42
545,groudas,3083
546,GSTechNews,0
547,cathleenfrede13,60
548,jeu154,127
549,1stChoiceInspec,127
550,ChristofferDG,1
551,digitalassetdb,0
552,YoCryptoChris,153
553,luc1dhouse,1
554,ucbeg_12,36
555,Karselt,8230
556,jens_kessler,8230
557,agundelack,131
558,TickerBitcoin,0
559,Bulletproof3030,39
560,5boringgamesLP,0
561,CryptoPeterson,128
562,amyfx88,0
563,Tommy_Investor,16
564,chimartinfru,127
565,BotCryptoMarket,0
566,eagawker,0
567,quantocusta1btc,0
568,dasalter,2
569,4azMedic,3
570,Webscape2,4
571,ElixiumCrypto,1
572,PayDiamondENG,0
573,ieshapocklingt2,60
574,axper666,2
575,venanx,0
576,ADATicker,0
577,uneconom1st,0
578,BitcoinWrld,1
579,sfcumberdale,0
580,bryceacosta,65
581,Adis4Truth,386
582,igamblingfun,0
583,wordsandbits,3082
584,EnkoLena,0
585,MoonOverlord,2
586,carterjamss,24
587,socialirnews,0
588,Fernandosucre44,36
589,Nikita_neos,0
590,Gunther_vH,1
591,Marketinizado,0
592,capricorngoosna,394
593,FiatLucs,1
594,SmartcoinFr,0
595,CureCoinProject,0
596,bchplsmomma,1
597,KOMANDORZAR,517
598,findingreview,0
599,goodeals79,0
600,hypothesisblink,538
601,HelenaDemuynck,0
602,astrafine,0
603,coinology101,0
604,joshgandhoz,4
605,crypto_jan,74
606,mixfuckedup,86
607,politicalHEDGE,0
608,LukoseKuriakose,266
609,KriptoBernhard,266
610,j37joe,133
611,EOSTicker,0
612,nikoniko_sports,0
613,VictoriaInShape,3
614,HedgeBz,0
615,trvtrvrv,36
616,DCDOWORK,0
617,Jenifersy88,0
618,socialstartnow,0
619,MarioEllul,1
620,doc_in_making,0
621,heinnamemusu,538
622,FrodeUteng,124
623,healthhealer4,124
624,satoshiPL,119
625,ATEKAssetScan,0
626,axymak,2
627,Fahrizthiago,3051
628,werwerw61096980,36
629,cybersniper26,39
630,BTCBoom,0
631,Altcoinmarket2,0
632,hubfreightbob,63
633,Dancewear,0
634,LDJCapital,0
635,ALICIA__BARRETT,4
636,ChuckyCrypto,127
637,KekistaniDan,0
638,ParaphrasdMayan,41
639,ikoxyHinz,395
640,ssn3media,0
641,EnricoGl,128
642,akibaviwer,0
643,hackerstorm,0
644,DoraTrinadora,1
645,clemriches_0382,453
646,Annan26,2
647,wesleykets1,124
648,idealexit,0
649,Cryptopoussin,16
650,eztechwin,251
651,StashofSecrets,0
652,gokhansen78,0
653,muratcanbas666,36
654,CryptoZiggy,124
655,BitBitCrypto,0
656,omathornton1120,412
657,niratelipoc,394
658,Bitcoinsaj,131
659,dddanijelz,39
660,realistictatva,0
661,imagenprimero,0
662,gude_kelly,538
663,Analyst_G,131
664,wingpea_,3082
665,Berardinelli3,24
666,CutieThynne,156
667,sherrilcallewa5,98
668,bitcointonic,0
669,AltcoinBuys,127
670,RealHarshShah,127
671,JulioSilvaJr,132
672,ReisFiona,80
673,DenyFibber,0
674,Doovla3,39
675,nlbitcoinreport,127
676,indusblast,177
677,saqadre,39
678,Ripple_Fans,0
679,Cemaluyuklu9,36
680,CryptoChikun,131
681,TRAUMFREIHEIT,0
682,CryptoDarwin,0
683,FakeNewsGlobal1,41
684,blockchainbot,0
685,silloh808,119
686,zeynepbilgisi,39
687,dAnconiaMining,41
688,freebitcoindir,0
689,News4Bitcoin,0
690,judith_m_privat,0
691,CryptoChemizt,0
692,IzlemedenGecme,36
693,EmSchaf,0
694,rdh_333,16
695,imsoulrebel,124
696,cryptocryzzi,0
697,MuchBitcoin,76
698,Omar_Khayam,131
699,andreas_duve,1
700,henrideparis,131
701,humaniqDE,1
702,BTCticker,0
703,saintdevil,0
704,haileysamsonCC,0
705,kostacity,0
706,accolombia_com,2
707,theMAVN,0
708,Denalijones1,21
709,socialprnews,0
710,chiropriyo,521
711,Cor_Com,0
712,EBarabanov,124
713,Abhi_MediaGuy,0
714,Cointelegraph,4
715,PlasmaEtching,93
716,TheCoinStack1,1
717,SportsbookBTC,0
718,khansefat2,553
719,icoinproedrigo,0
720,dominatorMO,127
721,bitxbitxbitcoin,1
722,adamsmith191,131
723,ThamJason,0
724,mathewalek,0
725,XVG_HypeMan,31
726,flashnewsportal,0
727,BitcoinSpreads,0
728,CryptonomosICO,0
729,A_CRyptoLoRD,32
730,saddam91478235,1850
731,felicanicklay11,65
732,CapAndConflict,0
733,purecommit,394
734,bordonialberto,124
735,Bitcoin_UAE,0
736,StefanoBargigli,12
737,urfriend012,39
738,hirazuigorita,1
739,OChapiteau,0
740,blairapplegate,0
741,ThorstenAod,1
742,Bitcoinco_fr,0
743,13Prince31,127
744,FmMoel,2
745,CryptoCoinPLife,0
746,Coinboard,0
747,zigzagrezzin,2
748,bitcoinavg,0
749,sedatkoyuncu343,36
750,cryptobenben,27
751,Nubrand,4
752,crypto_gordon,0
753,vinod1975,0
754,_Bitcoin_News,0
755,NoticierosGREM,0
756,CryptoWatchDogs,140
